Language,lat_str,lon_str,genus,family,countrycodes,Endangerment Level,Number of Speakers,Region,Latitude,Longitude
Abau,-4.0,141.25,Upper Sepik,Sepik,PG,Threatened ,7000,Pacific,-3.97, 141.32
Alabama,32.3333333333,-87.4166666667,Muskogean,Muskogean,US,Endangered ,250,North America,30.7158,-94.7028
Arbore,5.0,36.75,Lowland East Cushitic,Afro-Asiatic,ET,Threatened ,4441,Africa,5.0,36.75
Abun,-0.5,132.5,North-Central Bird's Head,West Papuan,ID,Threatened ,3000,Southeast Asia,-0.52, 132.19
Abui,-8.25,124.666666667,Greater Alor,Timor-Alor-Pantar,ID,Threatened ,16000,Southeast Asia,,
Abaza,44.0,42.0,Northwest Caucasian,Northwest Caucasian,RU,Vulnerable ,47880,Caucasus;Europe;East Asia,44.0,42.0
Achagua,4.41666666667,-72.25,Inland Northern Arawakan,Arawakan,CO,Endangered ,283,South America,4.41666666667,-72.25
Aché,-25.25,-55.1666666667,Tupi-Guaraní,Tupian,PY,Severely Endangered ,200,South America,-25.25,-55.1666666667
Achumawi,41.5,-121.0,Palaihnihan,Hokan,US,Critically Endangered ,10,North America,41.320107,-121.129761
Achuar,-2.66667,-76.0,Jivaroan,Jivaroan,PE,Threatened ,5443,South America,-2.876318, -77.586775
Adamorobe Sign Language,5.833333333330001,-0.166666666667,Sign Languages,other,GH,Threatened ,35,Africa,5.859378, -0.197951
Adang,-8.2,124.0,Greater Alor,Timor-Alor-Pantar,ID,Endangered ,7000,Southeast Asia,-8.195, 124.484
Adzera,-6.25,146.25,Oceanic,Austronesian,PG,Vulnerable ,28900,Pacific,-6.39, 146.29
Aghul,41.75,47.6666666667,Lezgic,Nakh-Daghestanian,RU,Threatened ,18000,Caucasus;Europe;East Asia,41.75,47.6666666667
Aguaruna,-5.0,-78.0,Jivaroan,Jivaroan,PE,Vulnerable ,55000,South America,-5.0,-78.0
Alagwa,-5.5,35.75,Southern Cushitic,Afro-Asiatic,TZ,Threatened ,10000,Africa,-5.5,35.75
Arapaho,40.0,-103.0,Algonquian,Algic,US,Severely Endangered ,1000,North America,43.0139,-108.8214
Ahtna,62.0,-145.0,Athapaskan,Na-Dene,US,Critically Endangered ,30,North America,62.7547,-144.3164
Aja,7.333333333330001,25.6666666667,Kresh,Central Sudanic,CF SS,Endangered ,200,Africa,7.33333333333,25.6666666667
Aka,2.66666666667,16.25,Bantoid,Niger-Congo,CF CG,Endangered ,Afewhundred,Africa,11.0112,34.2333
Arikara,45.5,-100.5,Caddoan,Caddoan,US,Critically Endangered ,10,North America,47.648,-101.8327
Alamblak,-4.66666666667,143.33333333299998,Sepik Hill,Sepik,PG,Threatened ,1200,Pacific,-4.66, 143.32
Aleut,54.0,-166.0,Aleut,Eskimo-Aleut,US,Endangered ,70,Caucasus;Europe;North America;East Asia,54.7212,-164.4433
Alune,-3.0,128.33333333299998,Central Malayo-Polynesian,Austronesian,ID,Vulnerable ,17200,Southeast Asia,-3.0,128.333333333
Alutor,61.0,165.0,Northern Chukotko-Kamchatkan,Chukotko-Kamchatkan,RU,Severely Endangered ,2000,Caucasus;Europe;East Asia,61.0,165.0
Alawa,-15.166666666700001,134.25,Alawa,Mangarrayi-Maran,AU,Critically Endangered ,17,Australia,-15.53391918,134.2028228
Amara,-5.666666666669999,148.5,Oceanic,Austronesian,PG,Endangered ,231,Pacific,-5.516550, 148.765182
Ambulas,-3.83333333333,143.0,Middle Sepik,Sepik,PG,Vulnerable ,33000,Pacific,-3.78, 143.06
Amahuaca,-10.5,-72.5,Panoan,Panoan,BR PE,Severely Endangered ,100,South America,-10.5,-72.5
Ama,-4.21666666667,141.616666667,Left May,Left May,PG,Vulnerable ,450,Pacific,-4.20, 141.66
Amanab,-3.58333333333,141.25,Border,Border,PG,Threatened ,3500,Southeast Asia;Pacific,-3.55, 141.18
Amuesha,-10.5,-75.4166666667,Yanesha',Arawakan,PE,Threatened ,8000,South America,-10.5,-75.4166666667
Araona,-12.333333333299999,-67.75,Tacanan,Tacanan,BO,Endangered ,111,South America,-12.4473,-68.1372
Anindilyakwa,-14.0,136.5,Anindilyakwa,Gunwinyguan,AU,Threatened ,1500,Australia,-14.05312996,136.6124148
Anong,27.3333333333,98.75,Nungish,Sino-Tibetan,CN MM,Critically Endangered ,404040inChina,Southeast Asia;East Asia,27.100, 98.700
Andi,42.75,46.25,Avar-Andic-Tsezic,Nakh-Daghestanian,RU,Vulnerable ,10000,Caucasus;Europe;East Asia,42.75,46.25
Mufian,-3.5,143.0,Kombio-Arapesh,Torricelli,PG,Vulnerable ,10646,Pacific,-3.58, 142.96
Apinayé,-5.5,-48.0,Ge-Kaingang,Macro-Ge,BR,Threatened ,1500,South America,-5.5,-48.0
Apalaí,0.0,-54.0,Cariban,Cariban,BR,Endangered ,317,South America,0.0,-54.0
Apatani,27.5,93.75,Tani,Sino-Tibetan,IN,Vulnerable ,14000,South Asia,27.5,93.75
Arabela,-2.0,-75.1666666667,Zaparoan,Zaparoan,PE,Critically Endangered ,30,South America,-2.0,-75.1666666667
Archi,42.0,46.8333333333,Lezgic,Nakh-Daghestanian,RU,Threatened ,1237,Caucasus;Europe;East Asia,42.0,46.8333333333
Araki,-15.666666666700001,166.91666666700002,Oceanic,Austronesian,VU,Critically Endangered ,15,Pacific,-15.632, 166.952
Asturian,43.25,-6.0,Romance,Indo-European,ES,At risk ,110000,Europe,43.357138,-5.865532
Alutiiq,57.0,-157.0,Eskimo,Eskimo-Aleut,US,Severely Endangered ,200,North America,57.793056, -152.394167
Atsugewi,40.75,-121.0,Palaihnihan,Hokan,US,Dormant ,0,North America,40.75,-121.0
Au,-3.58333333333,142.08333333299998,Wapei-Palei,Torricelli,PG,Threatened ,4200,Pacific,-3.6, 142.1
Aulua,-16.3333333333,167.66666666700002,Oceanic,Austronesian,VU,Endangered ,750,Pacific,-16.36, 167.70
Awngi,10.833333333299999,36.6666666667,Central Cushitic,Afro-Asiatic,ET,At risk ,500000,Africa,,
Awa Pit,1.5,-78.25,Barbacoan,Barbacoan,EC CO,Vulnerable ,17464,South America,1.5,-78.25
Awtuw,-3.58333333333,142.0,Ram,Sepik,PG,Endangered ,400,Pacific,-3.58, 142.50
Awyi,-2.91666666667,140.58333333299998,Border,Border,ID,Endangered ,400,Southeast Asia,-2.91666666667, 140.583333333
Akhvakh,42.3333333333,46.3333333333,Avar-Andic-Tsezic,Nakh-Daghestanian,RU,Threatened ,5000,Caucasus;Europe;East Asia,42.3333333333,46.3333333333
Ayoreo,-20.25,-59.25,Zamucoan,Zamucoan,PY,Threatened ,3154,South America,-18.719,-59.6228
Bade,12.833333333299999,10.5,West Chadic,Afro-Asiatic,NG,At risk ,250000,Africa,12.8333333333,10.5
Baré,1.0,-67.0,Inland Northern Arawakan,Arawakan,VR BR,Critically Endangered ,2,South America,1.0,-67.0
Bai,26.0,100.0,Bai,Sino-Tibetan,CN,Threatened ,2500,Africa,8.0592,25.5102
Bana,10.4166666667,13.583333333299999,Biu-Mandara,Afro-Asiatic,CM,Vulnerable ,23000,Africa,10.4166666667,13.5833333333
Baure,-13.083333333299999,-64.1666666667,Bolivia-Parana,Arawakan,BO,Critically Endangered ,20,South America,-13.0833333333,-64.1666666667
Batak,10.25,119.083333333,Greater Central Philippine,Austronesian,PH,Endangered ,200,Southeast Asia,,
Barambu,3.5,27.0,Ubangi,Niger-Congo,CD,Vulnerable ,25600,Africa,3.5,27.0
Budukh,41.1666666667,48.4166666667,Lezgic,Nakh-Daghestanian,AZ,Threatened ,,Caucasus,41.1666666667,48.4166666667
Badimaya,-27.6666666667,118.0,Western Pama-Nyungan,Pama-Nyungan,AU,Dormant ,0,Australia,-29.123373,116.706047
Bezhta,42.0833333333,46.1666666667,Avar-Andic-Tsezic,Nakh-Daghestanian,RU,Threatened ,6200,Caucasus;Europe;East Asia,42.1369,46.1508
Biafada,11.416666666700001,-15.166666666700001,Northern Atlantic,Niger-Congo,GW,Vulnerable ,44900,Africa,11.537292, -15.227014
Benga,1.16666666667,9.416666666669999,Bantoid,Niger-Congo,GQ GA,Severely Endangered ,,Africa,1.16666666667,9.41666666667
Bangime,14.916666666700001,-3.83333333333,Bangime,Bangime,ML,Threatened ,1200,Africa,,
Bugun,27.5,92.5833333333,Western Arunachal,Sino-Tibetan,IN,Threatened ,1700,South Asia,27.2546,92.5323
Bongo,7.5,28.5,Bongo-Bagirmi,Central Sudanic,SS,Vulnerable ,10100,Africa,7.5,28.5
Baga Sitemu,10.5,-14.5,Mel,Niger-Congo,GN,Threatened ,4000,Africa,10.5,-14.5
Bagvalal,42.5833333333,46.1666666667,Avar-Andic-Tsezic,Nakh-Daghestanian,RU,Threatened ,4000,Caucasus;Europe;East Asia,42.5833333333,46.1666666667
Bahinemo,-4.58333333333,142.83333333299998,Sepik Hill,Sepik,PG,Vulnerable ,700,Pacific,-4.56, 142.83
Bhumij,21.3333333333,86.5,Munda,Austro-Asiatic,IN,At risk ,over100000,South Asia,22.552,85.804
Biri,-20.5,146.5,Northern Pama-Nyungan,Pama-Nyungan,AU,Awakening ,,Australia,-28.478349,115.462875
Biak,-1.0,136.0,South Halmahera - West New Guinea,Austronesian,ID,Severely Endangered ,70000,Southeast Asia,-1.036, 136.01
Bilua,-7.75,156.66666666700002,Bilua,Solomons East Papuan,SB,Threatened ,8740,Pacific,-7.748003,156.660565
Bima,-8.5,118.5,Central Malayo-Polynesian,Austronesian,ID,At risk ,5000001989,Southeast Asia,,
Nai,-3.71666666667,141.266666667,Kwomtari,Kwomtari-Baibai,PG,Endangered ,454,Pacific,-3.73, 141.27
Bisu,19.75,100.0,Burmese-Lolo,Sino-Tibetan,TH,Threatened ,2740,Southeast Asia;East Asia,19.75,100.0
Betta Kurumba,11.5,76.75,Southern Dravidian,Dravidian,IN,Threatened ,2000,South Asia,11.5,76.75
Bakairí,-14.0,-55.0,Cariban,Cariban,BR,Endangered ,900,South America,-14.0,-55.0
Brokskat,35.3333333333,76.5,Indic,Indo-European,IN PK,Threatened ,3000,South Asia,35.3333333333,76.5
Blackfoot,50.0,-112.666666667,Algonquian,Algic,US CA,Endangered ,3300,North America,48.5699,-113.0918
Baale,6.5,34.5,Surmic,Eastern Sudanic,SS,Threatened ,9000,Africa,,
Balti,35.0,76.0,Bodic,Sino-Tibetan,PK IN,At risk ,270000Pakistan337000Worldwide,South Asia,35.900731,74.409599
Banawá,-7.0,-65.0,Arauan,Arauan,BR,Endangered ,100,South America,,
Bunuba,-17.75,125.75,Bunuban,Bunuban,AU,Critically Endangered ,,Australia,-17.69419801,125.5950823
Bandjalang,-28.75,153.0,Southeastern Pama-Nyungan,Pama-Nyungan,AU,Severely Endangered ,afew,Australia,-28.617377, 153.004160
Bankon,4.41666666667,9.583333333330001,Bantoid,Niger-Congo,CM,Vulnerable ,12000,Africa,4.41666666667,9.58333333333
Bilinarra,-16.0,131.66666666700002,Western Pama-Nyungan,Pama-Nyungan,AU,Severely Endangered ,10,Australia,-17.26732129,130.8928481
Baniwa,2.66666666667,-66.8333333333,Alto-Orinoco,Arawakan,BR VR,Threatened ,9554,South America,2.66666666667,-66.8333333333
Bodo,26.8333333333,92.0,Bodo-Garo,Sino-Tibetan,IN,Severely Endangered ,15,Africa,,
Boiken,-3.5,143.5,Middle Sepik,Sepik,PG,Vulnerable ,35204,Pacific,-3.25, 143.25
Bori,28.3333333333,94.75,Tani,Sino-Tibetan,IN,Threatened ,2000,South Asia,28.9889, 94.4439
Bokar,28.5,94.6666666667,Tani,Sino-Tibetan,IN,Threatened ,3500,South Asia;East Asia,28.8735, 94.3807
Bora,-2.16666666667,-72.3333333333,Boran,Huitotoan,PE CO,Severely Endangered ,2000,South America,-2.16666666667,-72.3333333333
Boruca,8.833333333330001,-83.25,Talamanca,Chibchan,CR,Awakening ,,"Mexico, Central America, Caribbean",8.83333333333,-83.25
Bardi,-16.5833333333,122.916666667,Nyulnyulan,Nyulnyulan,AU,Critically Endangered ,5,Australia,-16.50302678,122.9331577
Breton,48.0,-3.0,Celtic,Indo-European,FR,At risk ,206000,Europe,48.0,-3.0
Bribri,9.416666666669999,-83.0,Talamanca,Chibchan,CR,Threatened ,7475,"Mexico, Central America, Caribbean",9.41666666667,-83.0
Burji,5.5,37.8333333333,Lowland East Cushitic,Afro-Asiatic,ET,Vulnerable ,46100,Africa,5.5,37.8333333333
Burunge,-5.33333333333,36.0,Southern Cushitic,Afro-Asiatic,TZ,Endangered ,Afewhundred,Africa,-5.33333333333,36.0
Bororo,-16.0,-57.0,Bororoan,Bororoan,BR,Endangered ,700,South America,-16.0,-57.0
Barasano,-0.166666666667,-70.6666666667,Tucanoan,Tucanoan,CO,Threatened ,1924,South America,-0.166666666667,-70.6666666667
Birri,5.5,25.1666666667,Bongo-Bagirmi,Central Sudanic,CF,Endangered ,200,Africa,5.5,25.1666666667
Burarra,-12.25,134.58333333299998,Burarran,Mangrida,AU,Endangered ,400,Australia,-12.02334685,134.7195148
Buduma,13.5,14.5,Biu-Mandara,Afro-Asiatic,TD NG CM,Vulnerable ,54800,Africa,13.5,14.5
Burushaski,36.5,74.5,Burushaski,Burushaski,PK,Threatened ,100300,South Asia,36.3294753, 74.6605365
Busa,9.666666666669999,4.0,Eastern Mande,Mande,NG,Endangered ,240,Pacific,-3.86, 141.42
Bulu,3.0,11.0,Bantoid,Niger-Congo,CM,Endangered ,910,Pacific,-5.052719,150.092506
Bayso,6.25,37.75,Lowland East Cushitic,Afro-Asiatic,ET,Threatened ,3200,Africa,6.25,37.75
Cabécar,9.75,-83.4166666667,Talamanca,Chibchan,CR,Threatened ,8441,"Mexico, Central America, Caribbean",9.75,-83.4166666667
Caddo,33.3333333333,-93.5,Caddoan,Caddoan,US,Critically Endangered ,25,North America,35.0985,-98.2603
Cahuilla,33.5,-116.25,California Uto-Aztecan,Uto-Aztecan,US,Critically Endangered ,6,North America,33.5404,-116.7436
Camsá,1.16666666667,-77.0,Camsá,Camsá,CO,Threatened ,4773,South America,1.16666666667,-77.0
Candoshi,-4.16666666667,-77.0,Candoshi,Candoshi,PE,Threatened ,1586,South America,-4.16666666667,-77.0
Cashibo,-8.5,-75.5,Panoan,Panoan,PE,Threatened ,2191,South America,-8.5,-75.5
Cavineña,-13.333333333299999,-66.5,Tacanan,Tacanan,BO,Endangered ,600,South America,-12.3829,-66.7419
Chácobo,-12.166666666700001,-66.75,Panoan,Panoan,BO,Vulnerable ,1000,South America,-11.3454,-65.8135
Chocho,17.6666666667,-97.4166666667,Popolocan,Oto-Manguean,MX,Vulnerable ,12554,"Mexico, Central America, Caribbean",17.6666666667,-97.4166666667
Chickasaw,34.0,-88.0,Muskogean,Muskogean,US,Endangered ,600,North America,34.6,-96.8161
Choctaw,32.25,-88.5,Muskogean,Muskogean,US,Vulnerable ,9000,North America,31.6822,-92.1252
Chamorro,13.45,144.75,Chamorro,Austronesian,GU,Vulnerable ,92700,Pacific,13.45,144.75
Chambri,-4.16666666667,143.08333333299998,Lower Sepik,Lower Sepik-Ramu,PG,Threatened ,1050,Pacific,-4.28, 143.10
Chaudangsi,30.0,80.25,Bodic,Sino-Tibetan,IN,Endangered ,3500,South Asia,29.70, 80.48
Chuj,15.916666666700001,-91.5833333333,Mayan,Mayan,GT,Vulnerable ,38253,"Mexico, Central America, Caribbean",16.1203, -92.0407
Chukchi,67.0,-173.0,Northern Chukotko-Kamchatkan,Chukotko-Kamchatkan,RU,Threatened ,11000,Caucasus;Europe;East Asia,67.0,-173.0
Chamalal,42.55,46.05,Avar-Andic-Tsezic,Nakh-Daghestanian,RU,Threatened ,4000,Caucasus;Europe;East Asia,42.55,46.05
Chantyal,28.5833333333,83.4166666667,Bodic,Sino-Tibetan,NP,Threatened ,2000MyagdiChantyal,South Asia,28.5833333333,83.4166666667
Chipewyan,59.0,-106.0,Athapaskan,Na-Dene,CA,Threatened ,2235,North America,56.4807,-109.4127
Chrau,10.75,107.5,Bahnaric,Austro-Asiatic,VN,Vulnerable ,15000,Southeast Asia,10.75,107.5
Chayahuita,-5.5,-77.0,Cahuapanan,Cahuapanan,PE,Vulnerable ,14000,South America,-5.5,-77.0
Chichimeca-Jonaz,21.6666666667,-100.5,Chichimec,Oto-Manguean,MX,Threatened ,1582,"Mexico, Central America, Caribbean",21.6666666667,-100.5
Chulym,54.3333333333,89.6666666667,Turkic,Altaic,RU,Severely Endangered ,35,Caucasus;Europe;East Asia,54.3333333333, 89.6666666667
Chimila,10.0,-74.0,Chimila,Chibchan,CO,Endangered ,900,South America,10.0,-74.0
Camling,27.0,86.6666666667,Mahakiranti,Sino-Tibetan,NP,Vulnerable ,30000,South Asia,27.0,86.6666666667
Comanche,33.5,-101.5,Numic,Uto-Aztecan,US,Severely Endangered ,100,North America,34.6086,-98.3904
Canela,-7.0,-45.0,Ge-Kaingang,Macro-Ge,BR,Threatened ,2502,South America,-7.0,-45.0
Coeur d'Alene,47.25,-116.5,Interior Salish,Salishan,US,Critically Endangered ,2,North America,47.337601, -116.887883
Cofán,0.166666666667,-77.1666666667,Cofán,Cofán,CO EC,Threatened ,1017,South America,0.166666666667,-77.1666666667
Cogui,11.0,-73.8333333333,Arhuacic,Chibchan,CO,Threatened ,9911,South America,11.0,-73.8333333333
Chol,17.75,-92.5,Mayan,Mayan,MX,At risk ,128240,"Mexico, Central America, Caribbean",17.49, -92.47
Cora,22.1666666667,-104.833333333,Corachol,Uto-Aztecan,MX,Vulnerable ,17086,"Mexico, Central America, Caribbean",22.014361,-104.811402
Chepang,27.6666666667,84.75,Mahakiranti,Sino-Tibetan,NP,Vulnerable ,25097,South Asia,27.6666666667,84.75
Chipaya,-18.75,-67.8333333333,Uru-Chipaya,Uru-Chipaya,BO,Threatened ,1625,South America,-19.2074,-68.2031
Chiquitano,-17.5,-60.0,Chiquito,Chiquito,BO,Threatened ,4665,South America,-16.7, -61.4
Chru,11.5,108.5,Malayo-Sumbawan,Austronesian,VN,Threatened ,11000,Southeast Asia,,
Carijona,1.0,-73.0,Cariban,Cariban,CO,Critically Endangered ,10,South America,1.0,-72.0
Carolinian,15.2,145.75,Oceanic,Austronesian,MP,Threatened ,3100,Pacific,15.2,145.75
Cornish,50.3333333333,-5.0,Celtic,Indo-European,GB,Awakening ,,Europe,50.3333333333,-5.0
Crow,47.0,-108.0,Core Siouan,Siouan,US,Threatened ,3000,North America,45.5963,-107.4613
Carapana,0.833333333333,-70.75,Tucanoan,Tucanoan,CO BR,Endangered ,527,South America,0.833333333333,-70.75
Chorote,-22.5,-62.5,Matacoan,Matacoan,BO AR PY,Threatened ,2057,South America,-24.287, -60.3808
Cashinahua,-10.5,-71.8333333333,Panoan,Panoan,BR PE,Threatened ,5253,South America,-10.5,-71.8333333333
Cuicatec,17.8333333333,-96.8333333333,Mixtecan,Oto-Manguean,MX,Threatened ,1641,"Mexico, Central America, Caribbean",,
Chitimacha,29.6666666667,-91.0,Chitimacha,Chitimacha,US,Awakening ,,North America,29.6666666667,-91.0
Catawba,35.5,-80.5,Catawban,Siouan,US,Awakening ,,North America,35.5,-80.5
Culina,-6.0,-70.5,Arauan,Arauan,BR PE,Threatened ,2854,South America,-6.0,-70.5
Cupeño,33.1666666667,-116.5,California Uto-Aztecan,Uto-Aztecan,US,Awakening ,,North America,33.1666666667,-116.5
Curripaco,2.5,-68.5,Inland Northern Arawakan,Arawakan,CO,Vulnerable ,12075,South America,2.5,-68.5
Cayuga,42.75,-76.75,Northern Iroquoian,Iroquoian,US,Severely Endangered ,100,North America,43.019,-80.1506
Cheyenne,47.0,-95.0,Algonquian,Algic,US,Endangered ,2100,North America,45.5495,-106.5263
Cayuvava,-13.5,-65.5,Cayuvava,Cayuvava,BO,Dormant ,Noknownspeakers,South America,-12.7903,-65.3247
Daba,10.1666666667,13.75,Biu-Mandara,Afro-Asiatic,CM,Vulnerable ,25000,Africa,10.1666666667,13.75
Dahalo,-2.33333333333,40.5,Dahalo,Afro-Asiatic,KE,Endangered ,400,Africa,-2.167909, 40.716019
Darai,24.0,84.0,Indic,Indo-European,NP,Endangered ,3060,South Asia,24.0,84.0
Dâw,-0.25,-67.0833333333,Nadahup,Nadahup,BR,Endangered ,120,South America,-0.25,-67.0833333333
Defaka,4.58333333333,7.5,Ijoid,Ijoid,NG,Severely Endangered ,200,Africa,4.58333333333,7.5
Dení,-6.0,-67.0,Arauan,Arauan,BR,Threatened ,1200,South America,-6.0,-67.0
Desano,0.833333333333,-69.8333333333,Tucanoan,Tucanoan,BR CO,Endangered ,450,South America,0.272789, -69.761979
Dagur,48.0,124.0,Mongolic,Altaic,CN,Endangered ,50000,East Asia,48.0,124.0
Dharumbal,-22.75,150.5,Northern Pama-Nyungan,Pama-Nyungan,AU,Awakening ,,Australia,-23.05169278,150.4004615
Dhimal,26.6666666667,87.75,Dhimalic,Sino-Tibetan,NP,Endangered ,Approximately20000,South Asia,26.6666666667,87.75
Dhurga,-35.6666666667,150.0,Southeastern Pama-Nyungan,Pama-Nyungan,AU,Awakening ,,Australia,-35.54363597, 150.1793725
Dharawal,-34.5,150.5,Southeastern Pama-Nyungan,Pama-Nyungan,AU,Critically Endangered ,4,Australia,-25.68629188,145.6371438
Diyari,-28.0,139.0,Central Pama-Nyungan,Pama-Nyungan,AU,Severely Endangered ,12,Australia,-28.58486621,139.0862193
Djabugay,-16.75,145.58333333299998,Northern Pama-Nyungan,Pama-Nyungan,AU,Critically Endangered ,3,Australia,-16.82350711,145.5840818
Djinang,-12.333333333299999,134.83333333299998,Western Pama-Nyungan,Pama-Nyungan,AU,Endangered ,200,Australia,-12.47559654,135.0142775
Dumi,27.25,86.6666666667,Mahakiranti,Sino-Tibetan,NP,Critically Endangered ,8,South Asia,27.3095,86.7521
Dimasa,25.5,93.0,Bodo-Garo,Sino-Tibetan,IN,At risk ,112000,South Asia,24.7368, 92.9003
Dolgan,71.25,98.0,Turkic,Altaic,RU,Threatened ,5500,Caucasus;Europe;East Asia,71.25,98.0
Doutai,-3.33333333333,138.16666666700002,Lakes Plain,Lakes Plain,ID,Severely Endangered ,70,Southeast Asia,-3.33333333333,138.166666667
Darma,30.0,79.75,Bodic,Sino-Tibetan,IN,Threatened ,2600,South Asia,30.0,79.75
Dyirbal,-17.8333333333,145.58333333299998,Northern Pama-Nyungan,Pama-Nyungan,AU,Critically Endangered ,6,Australia,-17.74,145.742
Ega,5.5,-5.5,Kwa,Niger-Congo,CI,Severely Endangered ,1000,Africa,5.5,-5.5
Elseng,-3.0,140.5,Morwap,Morwap,ID,Endangered ,300,Southeast Asia,-3.00, 140.42
Emmi,-13.5,130.0,Wagaydy,Western Daly,AU,Critically Endangered ,15,Australia,-13.54,130.037
Enggano,-5.416666666669999,102.25,Enggano,Austronesian,ID,Threatened ,1000,Southeast Asia,-5.41666666667,102.25
Evenki,56.0,125.0,Tungusic,Altaic,RU,Endangered ,10000,Caucasus;Europe;East Asia,48.0,120.0
Even,68.0,130.0,Tungusic,Altaic,RU,Severely Endangered ,7000,Caucasus;Europe;East Asia,68.0,130.0
Eyak,60.5,-145.0,Eyak,Na-Dene,US,Awakening ,,North America,60.526294,-145.6351157
Fasu,-6.583333333330001,143.33333333299998,Fasu,Trans-New Guinea,PG,Threatened ,1200,Pacific,-6.63, 143.28
Finnish Sign Language,62.0,26.0,Sign Languages,other,FI,Threatened ,5000,Europe,60.66, 25.07
Fyem,9.583333333330001,9.333333333330001,Platoid,Niger-Congo,NG,Endangered ,14000,Africa,9.58333333333,9.33333333333
Gagauz,46.3333333333,28.6666666667,Turkic,Altaic,MD,Vulnerable ,200000,Europe,46.3333333333,28.6666666667
Galo,28.1666666667,94.6666666667,Tani,Sino-Tibetan,IN,Vulnerable ,30000,South Asia,28.1688,94.7433
Garo,25.6666666667,90.5,Bodo-Garo,Sino-Tibetan,IN,Vulnerable ,700000,South Asia,25.6666666667,90.5
Gavião,-10.6666666667,-62.0,Monde,Tupian,BR,Endangered ,523,South America,-10.6666666667,-62.0
Gutob,19.0,83.6666666667,Munda,Austro-Asiatic,IN,Endangered ,8000,South Asia,19.0,83.6666666667
Gureng Gureng,-25.25,151.0,Southeastern Pama-Nyungan,Pama-Nyungan,AU,Critically Endangered ,1,Australia,-25.92169536,151.3260412
Gurindji,-17.6666666667,130.66666666700002,Western Pama-Nyungan,Pama-Nyungan,AU,Endangered ,175,Australia,-17.69568213,130.0045992
Guambiano,2.5,-76.6666666667,Barbacoan,Barbacoan,CO,Vulnerable ,23462,South America,2.5,-76.6666666667
Gamilaraay,-29.8333333333,149.5,Southeastern Pama-Nyungan,Pama-Nyungan,AU,Critically Endangered ,,Australia,-29.85302243, 147.9291115
Gunin,-14.25,126.666666667,Worrorran,Worrorran,AU,Severely Endangered ,50,Australia,-14.588,127.534
Gunya,-26.5,146.5,Northern Pama-Nyungan,Pama-Nyungan,AU,Critically Endangered ,3,Australia,-27.64957662,145.9658542
Gooniyandi,-18.3333333333,126.333333333,Bunuban,Bunuban,AU,Severely Endangered ,100,Australia,-18.26153435,126.2884882
Garífuna,15.666666666700001,-88.0,Caribbean Arawakan,Arawakan,BZ HN GT,At risk ,100000,"Mexico, Central America, Caribbean",12.5666,-83.7166
Gurr-goni,-12.25,134.41666666700002,Burarran,Mangrida,AU,Critically Endangered ,20,Australia,-12.30942987,134.3135284
Guarijío,27.75,-108.666666667,Tarahumaran,Uto-Aztecan,MX,Threatened ,2136,"Mexico, Central America, Caribbean",27.87, -108.44
Garrwa,-17.0833333333,137.16666666700002,Garrwan,Garrwan,AU,Severely Endangered ,59,Australia,-16.070005, 136.309758
Guató,-17.0,-58.0,Guató,Guató,BR,Critically Endangered ,5,South America,-17.0,-58.0
Gumbaynggir,-30.1666666667,152.5,Southeastern Pama-Nyungan,Pama-Nyungan,AU,Severely Endangered ,40,Australia,-29.99947323,152.7216997
Guayabero,2.83333333333,-72.0,Guahiban,Guahiban,CO,Threatened ,1118,South America,2.83333333333,-72.0
Hadza,-3.75,35.1666666667,Hadza,Hadza,TZ,Threatened ,950,Africa,-3.612107, 35.315552
Haruai,-5.08333333333,144.16666666700002,Piawi,Piawi,PG,Endangered ,100,Pacific,-5.10, 144.34
Hatam,-1.0,134.0,Hatam,West Papuan,ID,Vulnerable ,16000,Southeast Asia,-0.954, 133.997
Hawaiian,19.5833333333,-155.5,Oceanic,Austronesian,US,Severely Endangered ,300,North America,21.894103, -160.161856
Herero,-20.5833333333,19.0,Bantoid,Niger-Congo,BW NA,Vulnerable ,24500,Africa,-21.02, 20.57
Hidatsa,47.0,-102.5,Core Siouan,Siouan,US,Critically Endangered ,100,North America,47.7321,-102.6758
Hixkaryana,-1.0,-59.0,Cariban,Cariban,BR,Endangered ,600,South America,-1.0,-59.0
Hong Kong Sign Language,22.5,114.0,Sign Languages,other,CN,Threatened ,9000,East Asia,,
Hmar,24.1666666667,93.0,Kuki-Chin,Sino-Tibetan,IN,Vulnerable ,83404,South Asia,24.1666666667,93.0
Huambisa,-4.0,-78.0,Jivaroan,Jivaroan,PE,Threatened ,8000,South America,-4.0,-78.0
Hoava,-8.083333333330001,157.5,Oceanic,Austronesian,SB,Threatened ,2360,Pacific,-8.08333333333,157.5
Holoholo,-5.16666666667,29.9166666667,Bantoid,Niger-Congo,TZ,Vulnerable ,,Africa,-20.537649,27.006712
Hopi,36.0,-110.0,Hopi,Uto-Aztecan,US,Threatened ,5000,North America,35.8721,-110.6205
Huastec,22.0833333333,-99.3333333333,Mayan,Mayan,MX,Threatened ,1700,,,
Huichol,22.0,-104.0,Corachol,Uto-Aztecan,MX,Vulnerable ,35724,"Mexico, Central America, Caribbean",21.95, -104.06
Hupa,41.0833333333,-123.666666667,Athapaskan,Na-Dene,US,Critically Endangered ,1,North America,41.0982, -123.68
Hunzib,42.1666666667,46.25,Avar-Andic-Tsezic,Nakh-Daghestanian,RU,Endangered ,600,Caucasus;Europe;East Asia,42.1666666667,46.25
Iatmul,-4.25,143.25,Middle Sepik,Sepik,PG,Threatened ,46000,Pacific,-4.30, 143.32
Inga,1.0,-77.0,Quechuan,Quechuan,CO,Threatened ,8000,South America,1.0, -77.0
Ignaciano,-15.166666666700001,-65.4166666667,Bolivia-Parana,Arawakan,BO,Threatened ,1080,South America,-15.1666666667,-65.4166666667
Ik,3.75,34.1666666667,Kuliak,Eastern Sudanic,UG,Vulnerable ,16000,Africa,3.75,34.1666666667
Imonda,-3.33333333333,141.16666666700002,Border,Border,PG,Endangered ,274,Pacific,-3.33, 141.17
Iquito,-3.25,-74.0,Zaparoan,Zaparoan,PE,Critically Endangered ,15,South America,-3.25,-74.0
Irish,53.0,-8.0,Celtic,Indo-European,IE,Endangered ,20000,Europe,52.5,-9.0
I'saka,-2.83333333333,141.283333333,Krisa,Skou,PG,Severely Endangered ,347,Pacific,-2.80, 141.30
Isirawa,-1.8333333333300001,138.5,Kwerba,Kwerba,ID,Threatened ,1800,Southeast Asia,-1.83333333333,138.5
Itelmen,57.0,157.5,Southern Chukotko-Kamchatkan,Chukotko-Kamchatkan,RU,Severely Endangered ,20,Caucasus;Europe;East Asia,57.0,157.5
Itonama,-12.833333333299999,-64.3333333333,Itonama,Itonama,BO,Critically Endangered ,1,South America,-12.8333333333,-64.3333333333
Iwaidja,-11.5,132.66666666700002,Iwaidjan,Iwaidjan,AU,Endangered ,150,Australia,-11.4407565,132.5594586
Ixcatec,17.8333333333,-97.1666666667,Popolocan,Oto-Manguean,MX,Critically Endangered ,9,"Mexico, Central America, Caribbean",17.8333333333,-97.1666666667
Ixil,15.5,-91.0,Mayan,Mayan,GT,Vulnerable ,69137,"Mexico, Central America, Caribbean",15.46, -90.89
Jad,30.8333333333,79.0,Bodic,Sino-Tibetan,IN,Endangered ,2000,South Asia,30.645,78.3627
Jahai,5.75,101.5,Aslian,Austro-Asiatic,MY,Threatened ,,Southeast Asia,5.75,101.5
Jaminjung,-15.083333333299999,130.5,Jaminjungan,Mirndi,AU,Severely Endangered ,100,Australia,-15.02818965,130.3565783
Jaqaru,-13.0,-76.0,Aymaran,Aymaran,PE,Endangered ,725,South America,-13.0,-76.0
Jabutí,-12.25,-62.25,Jabutí,Jabutí,BR,Severely Endangered ,50,South America,-12.25,-62.25
Jemez,35.8333333333,-107.0,Kiowa-Tanoan,Kiowa-Tanoan,US,Threatened ,3000,North America,35.6151,-106.7242
Jibbali,17.5,55.0,Semitic,Afro-Asiatic,OM,Threatened ,5000,Near East,,
Juruna,-5.0,-54.5,Tupi-Guaraní,Tupian,BR,Endangered ,300,South America,-5.0,-54.5
Ju|'hoan,-19.0,21.0,Ju-Kung,Kxa,NA AO BW,Vulnerable ,11000,Africa,-19.591168, 20.502033
Júma,-7.5,-64.0,Tupi-Guaraní,Tupian,BR,Critically Endangered ,5,South America,-7.5,-64.0
Juang,21.3333333333,86.0,Munda,Austro-Asiatic,IN,Vulnerable ,30875,South Asia,21.3333333333,86.0
Karajá,-10.0,-50.3333333333,Karajá,Macro-Ge,BR,Threatened ,3060,South America,-9.983486,-50.284753
Kachari,26.5,91.0,Bodo-Garo,Sino-Tibetan,IN,Endangered ,59000,South Asia,26.5,91.0
Kaki Ae,-8.0,145.83333333299998,Tate,Eleman,PG,Endangered ,510,Pacific,-8.0,145.833333333
Kaian,-4.08333333333,144.75,Lower Ramu,Lower Sepik-Ramu,PG,Threatened ,792,Pacific,-4.07, 144.76
Kaure,-3.41666666667,140.08333333299998,Kaure,Kaure,ID,Endangered ,450,Southeast Asia,-3.347215, 139.812557
Kalami,35.5,72.5,Indic,Indo-European,PK,Threatened ,1500,South Asia,35.2893,72.6168
Kaurna,-34.25,138.5,Central Pama-Nyungan,Pama-Nyungan,AU,Awakening ,50,Australia,-34.34966141,138.4800794
Kaiwá,-23.0,-55.0,Tupi-Guaraní,Tupian,PY BR,Vulnerable ,26364,South America,-23.0,-55.0
Kayardild,-17.05,139.5,Tangkic,Tangkic,AU,Critically Endangered ,5,Australia,-17.08808051,139.4873823
Kabatei,36.75,49.4166666667,Iranian,Indo-European,IR,,Noestimateavailable,Near East,37.05,49.76
Kadiwéu,-20.0,-57.0,Kadiwéu,Guaicuruan,BR,Threatened ,1600,South America,-20.0,-57.0
Ket,64.0,87.0,Yeniseian,Yeniseian,RU,Endangered ,500,Caucasus;Europe;East Asia,64.0,87.0
Kalkatungu,-21.0,139.5,Northern Pama-Nyungan,Pama-Nyungan,AU,Dormant ,0,Australia,-20.8213821, 139.0590511
Khaling,27.5,86.6666666667,Mahakiranti,Sino-Tibetan,NP IN CN,Vulnerable ,15000,South Asia,27.5781,86.7163
Khakas,53.0,90.0,Turkic,Altaic,RU,Threatened ,6000,Caucasus;Europe;East Asia,53.0,90.0
Khalaj,35.0,50.0,Turkic,Altaic,IR,Vulnerable ,20000,Near East,34.3751, 50.3063
Khoekhoe,-25.5,18.0,Khoe-Kwadi,Khoe-Kwadi,,Vulnerable ,190000,Africa,-20.313721, 14.968872
Kharia,22.5,84.3333333333,Munda,Austro-Asiatic,IN,Vulnerable ,,South Asia,22.5,84.3333333333
Khowar,36.0,72.0,Indic,Indo-European,PK,At risk ,300000,South Asia,36.0,72.0
Kickapoo,42.25,-84.0,Algonquian,Algic,US,Threatened ,1100,"North America;Mexico, Central America, Caribbean",39.6972,-95.7089
Kire,-4.25,144.75,Mikarew,Lower Sepik-Ramu,PG,Threatened ,1900,Pacific,-4.26, 144.71
Kiowa,37.0,-99.0,Kiowa-Tanoan,Kiowa-Tanoan,US,Critically Endangered ,100,North America,35.1016,-98.6197
Kunjen,-16.5,142.5,Northern Pama-Nyungan,Pama-Nyungan,AU,Critically Endangered ,20,Australia,-16.54391507,143.0454776
Kata Kolok,-8.25,115.166666667,Sign Languages,other,ID,Endangered ,175,Southeast Asia,,
Kirikiri,-3.0,137.16666666700002,Lakes Plain,Lakes Plain,ID,Endangered ,250,Southeast Asia,-3.0,137.166666667
Kokota,-8.0,159.133333333,Oceanic,Austronesian,SB,Threatened ,1200,Pacific,-7.94, 159.168
Korku,22.5,78.5,Munda,Austro-Asiatic,IN,At risk ,200000,South Asia,22.5,78.5
Kalasha,35.0,72.0,Indic,Indo-European,PK,Threatened ,2900,South Asia,35.645250, 71.705167
Kiliwa,31.3333333333,-115.666666667,Yuman,Hokan,MX,Critically Endangered ,8,"Mexico, Central America, Caribbean",31.3333333333,-115.666666667
Kamu,-13.583333333299999,130.83333333299998,Eastern Daly,Eastern Daly,AU,Critically Endangered ,2,Australia,-13.874192,131.143664
Kamasau,-3.91666666667,143.66666666700002,Marienberg,Torricelli,PG,Endangered ,700,Pacific,-3.85, 143.84
Kaingang,-26.0,-52.0,Ge-Kaingang,Macro-Ge,BR,Vulnerable ,18500,South America,-26.0,-52.0
Konni,10.25,-1.5833333333300001,Gur,Niger-Congo,GH,Vulnerable ,3800,Africa,10.25,-1.58333333333
Kinnauri,31.5,78.0,Bodic,Sino-Tibetan,IN,Threatened ,84000,South Asia,31.5,78.0
Konkow,39.5,-121.5,Maiduan,Penutian,US,Critically Endangered ,3,North America,39.467,-121.5155
Koasati,34.8333333333,-85.1666666667,Muskogean,Muskogean,US,Severely Endangered ,200,North America,30.083333,-92.116667
Komo,8.75,33.75,Koman,Koman,SS ET,Threatened ,1435,Africa,8.75,33.75
Komi-Permyak,59.5,54.5,Permic,Uralic,RU,Vulnerable ,110000,Caucasus;Europe;East Asia,59.5,54.5
Kosraean,5.3,163.0,Oceanic,Austronesian,FM,Threatened ,8570,Pacific,5.3,163.0
Kom,6.25,10.3333333333,Bantoid,Niger-Congo,CM,Vulnerable ,15467,South Asia,24.0414,93.6639
Kpan,7.583333333330001,10.1666666667,Platoid,Niger-Congo,NG,Vulnerable ,11400,Africa,7.58333333333,10.1666666667
Kapingamarangi,1.05,154.75,Oceanic,Austronesian,FM,Threatened ,3000,Pacific,1.05,154.75
Krenak,-15.5,-41.0,Botocudo,Macro-Ge,BR,Severely Endangered ,10,South America,-15.5,-41.0
Karanga,-20.0,31.0,Bantoid,Niger-Congo,ZW,Threatened ,10000,Africa,8.3093,15.3588
Krahô,-8.0,-48.0,Ge-Kaingang,Macro-Ge,BR,Threatened ,2184,South America,-8.4071, -47.2851
Karelian,64.0,32.0,Finnic,Uralic,RU,Threatened ,63000,Caucasus;Europe;East Asia,64.0,32.0
Karaim,54.6666666667,24.9166666667,Turkic,Altaic,LT UA,Critically Endangered ,500,Europe,54.6666666667,24.9166666667
Korana,-29.5,20.5,Khoe-Kwadi,Khoe-Kwadi,ZA,Critically Endangered ,1,Africa,-29.5,20.5
Krongo,10.5,30.0,Kadugli,Kadu,SD,Vulnerable ,21700,Africa,10.5,30.0
Kerek,62.25,175.0,Northern Chukotko-Kamchatkan,Chukotko-Kamchatkan,RU,Critically Endangered ,10,Caucasus;Europe;East Asia,62.25,175.0
Kairiru,-3.33333333333,143.58333333299998,Oceanic,Austronesian,PG,Threatened ,3507,Pacific,-3.33, 143.55
Karata,42.5833333333,46.3333333333,Avar-Andic-Tsezic,Nakh-Daghestanian,RU,Threatened ,5000,Caucasus;Europe;East Asia,42.5833333333,46.3333333333
Korowai,-5.25,140.0,Awju-Dumut,Trans-New Guinea,ID,Threatened ,3500,Southeast Asia,-5.25,140.0
Koryak,61.0,167.0,Northern Chukotko-Kamchatkan,Chukotko-Kamchatkan,RU,Endangered ,3000,Caucasus;Europe;East Asia,61.0,167.0
Kashaya,38.6666666667,-123.333333333,Pomoan,Hokan,US,Critically Endangered ,Severaldozen,North America,38.6603,-123.3045
Kasong,12.75,102.116666667,Pearic,Austro-Asiatic,TH,Severely Endangered ,40,Southeast Asia,13.228214,99.852433
Kashubian,54.0,18.0,Slavic,Indo-European,PL,Vulnerable ,50000,Europe,54.356076, 17.893982
Katla,11.833333333299999,29.3333333333,Katla-Tima,Kordofanian,SD,Vulnerable ,14200,Africa,11.8333333333,29.3333333333
Kuna,8.0,-77.3333333333,Kuna,Chibchan,PA CO,Vulnerable ,44100,"South America;Mexico, Central America, Caribbean",9.4,-78.316667
Kuot,-3.05,151.5,Kuot,Kuot,PG,Threatened ,2400,Pacific,-3.05,151.5
Kusunda,28.0,84.6666666667,Kusunda,Kusunda,NP,Critically Endangered ,1,South Asia,28.0,84.6666666667
Kuvi,18.75,82.6666666667,South-Central Dravidian,Dravidian,IN,At risk ,246513,South Asia,18.75,82.6666666667
Kwoma,-4.16666666667,142.75,Middle Sepik,Sepik,PG,Threatened ,2925,Pacific,-4.09, 142.66
Kawaiisu,36.0,-117.5,Numic,Uto-Aztecan,US,Critically Endangered ,3,North America,35.0589,-118.4026
Kwomtari,-3.5,141.5,Kwomtari,Kwomtari-Baibai,PG,Threatened ,800,Pacific,-3.51, 141.49
Kwaza,-12.583333333299999,-60.6666666667,Kwaza,Kwaza,BR,Severely Endangered ,25,South America,-12.651,-60.4138
Kuku-Yalanji,-16.0,145.0,Northern Pama-Nyungan,Pama-Nyungan,AU,Endangered ,700,Australia,-16.118117,145.047836
Krymchak,45.0,34.25,Turkic,Altaic,UA,Critically Endangered ,200,Caucasus;Europe,45.0,34.0833333333
Koyukon,65.0,-155.0,Athapaskan,Na-Dene,US,Critically Endangered ,150,North America,64.881667, -157.704444
Karkar-Yuri,-3.75,141.08333333299998,Karkar-Yuri,Karkar-Yuri,PG,Threatened ,1000,Pacific,,
Kayabí,-11.0,-55.5,Tupi-Guaraní,Tupian,BR,Threatened ,1000,South America,-11.0,-55.5
Laal,10.0,17.6666666667,Laal,Laal,TD,Endangered ,500,Africa,10.0,17.6666666667
Labu,-6.75,146.91666666700002,Oceanic,Austronesian,PG,Threatened ,1600,Pacific,-6.75,146.916666667
Ladakhi,34.0,78.0,Bodic,Sino-Tibetan,IN,Threatened ,150000,South Asia;East Asia,34.0,78.0
Lafofa,10.25,31.25,Lafofa,Kordofanian,SD,Endangered ,600,Africa,10.25,31.25
Lagwan,11.5,14.833333333299999,Biu-Mandara,Afro-Asiatic,CM,Vulnerable ,10000,Africa,,
Lavukaleve,-9.083333333330001,159.2,Lavukaleve,Solomons East Papuan,SB,Threatened ,1700,Pacific,-9.079, 159.22
Laz,41.5,41.5,Kartvelian,Kartvelian,GE TR,Vulnerable ,22000,Europe;Caucasus,41.5,41.5
Lachi,22.6666666667,104.833333333,Kadai,Tai-Kadai,VN,Threatened ,5000,Southeast Asia,22.6666666667,104.833333333
Ladin,46.5833333333,11.916666666700001,Romance,Indo-European,IT,Threatened ,20000,Europe,46.5833333333,11.9166666667
Lepcha,27.1666666667,88.5,Lepcha,Sino-Tibetan,NP IN BT,Severely Endangered ,Afewthousand,South Asia,27.1666666667,88.5
Longgu,-9.75,160.66666666700002,Oceanic,Austronesian,SB,Threatened ,1500,Pacific,-9.684, 160.656
Lhomi,27.6666666667,87.4166666667,Bodic,Sino-Tibetan,NP,Vulnerable ,3130,South Asia;East Asia,27.6666666667, 87.4166666667
Limbu,27.1666666667,87.75,Mahakiranti,Sino-Tibetan,IN NP BT,Threatened ,300000,South Asia,27.1666666667,87.75
Lauje,-0.5,120.0,Celebic,Austronesian,ID,Threatened ,38000,Southeast Asia,-0.5,120.0
Lakkia,24.0833333333,110.166666667,Kadai,Tai-Kadai,CN,Threatened ,9000,East Asia,24.0833333333,110.166666667
Limilngan,-12.5,131.91666666700002,Limilngan,Darwin Region,AU,Critically Endangered ,3,Australia,-12.47762877,131.8581747
Lamen,-16.5833333333,168.16666666700002,Oceanic,Austronesian,VU,Endangered ,850,Pacific,-16.583371,168.133733
Ladino,40.0,33.0,Romance,Indo-European,TR IL,At risk ,400000,"Europe;North America;Mexico, Central America, Caribbean;Near East;Africa",40.0,33.0
Lou,-2.38333333333,147.31666666700002,Oceanic,Austronesian,PG,Endangered ,953,Pacific,-3.45, 142.62
Lardil,-16.5,139.33333333299998,Tangkic,Tangkic,AU,Critically Endangered ,5,Australia,-16.53360037,139.4069131
Luiseño,33.3333333333,-117.166666667,California Uto-Aztecan,Uto-Aztecan,US,Awakening ,,North America,33.4622,-117.1269
Luo,-0.5,34.75,Nilotic,Eastern Sudanic,TZ KE,Critically Endangered ,1,Africa,6.085,11.486
Luri,33.5,48.5,Iranian,Indo-European,IR,Critically Endangered ,2,Africa,10.171127, 9.726795
Lushootseed,48.0,-122.0,Central Salish,Salishan,US,Critically Endangered ,5,North America,47.93, -122.14
Makah,48.3333333333,-124.666666667,Southern Wakashan,Wakashan,US,Awakening ,,North America,48.3658,-124.6118
Mam,15.0,-91.8333333333,Mayan,Mayan,GT,Vulnerable ,519664,"Mexico, Central America, Caribbean",14.80, -91.72
Mapudungun,-38.0,-72.0,Araucanian,Araucanian,CL,Threatened ,258413,South America,-40.0791, -71.0156
Maricopa,33.1666666667,-113.166666667,Yuman,Hokan,US,Severely Endangered ,100,North America,33.3772,-112.1676
Maring,-5.5,144.66666666700002,Chimbu,Trans-New Guinea,PG,Vulnerable ,11000,Pacific,-5.5,144.666666667
Maxakalí,-18.0,-40.0,Maxakalí,Macro-Ge,BR,Threatened ,1271,South America,-18.0,-40.0
Mbabaram,-17.1666666667,145.0,Northern Pama-Nyungan,Pama-Nyungan,AU,Dormant ,0,Australia,-17.21059785,144.6573105
Mbugu,-4.33333333333,38.1666666667,Southern Cushitic,Afro-Asiatic,TZ,Threatened ,7000,Africa,-4.704289, 38.378472
Monumbo,-4.25,145.0,Monumbo,Monumbo,PG,Endangered ,450,Pacific,-4.27, 144.95
Manambu,-4.25,142.83333333299998,Middle Sepik,Sepik,PG,Threatened ,2800,Pacific,-4.19, 142.86
Michif,52.0,-100.166666667,Algonquian,Algic,CA,Critically Endangered ,200,North America,52.0,-100.166666667
Macaguán,6.5,-71.3333333333,Guahiban,Guahiban,CO,Endangered ,441,South America,6.5,-71.3333333333
Machiguenga,-12.0,-72.6666666667,Pre-Andine Arawakan,Arawakan,PE,Threatened ,5000,South America,-12.0,-72.6666666667
Macuna,-0.33333333333299997,-70.1666666667,Tucanoan,Tucanoan,CO BR,Threatened ,1041,South America,-0.333333333333,-70.1666666667
Mocoví,-28.0,-60.5,South Guaicuruan,Guaicuruan,AR,Threatened ,2780,South America,-28.0, -60.5
Mudburra,-17.3333333333,132.08333333299998,Western Pama-Nyungan,Pama-Nyungan,AU,Critically Endangered ,50,Australia,-17.37280975,132.0454005
Mende,7.833333333330001,-11.5,Western Mande,Mande,SL,Threatened ,5057,Pacific,-3.75, 142.75
Matngele,-13.833333333299999,130.41666666700002,Eastern Daly,Eastern Daly,AU,Critically Endangered ,15,Australia,-13.940756,130.611972
Mandan,46.5,-102.5,Core Siouan,Siouan,US,Dormant ,0,North America,47.5165,-102.2461
Mehri,17.0,51.5,Semitic,Afro-Asiatic,YE OM,At risk ,100000,Near East,16.5993,52.8057
Manem,-3.0,140.83333333299998,Border,Border,PG ID,Endangered ,400,Southeast Asia;Pacific,-2.99, 141.02
Mingrelian,42.5,42.0,Kartvelian,Kartvelian,GE,At risk ,344000,Caucasus,42.014440, 43.566671
Mehek,-3.75,142.5,Tama Sepik,Sepik,PG,Threatened ,4027,Pacific,-3.71, 142.50
Mah Meri,2.83333333333,101.5,Aslian,Austro-Asiatic,MY,Threatened ,2896,Southeast Asia,,
Milang,28.5,95.25,Tani,Sino-Tibetan,IN,Vulnerable ,2150,South Asia,28.431389,95.041667
Mikasuki,32.0,-85.0,Muskogean,Muskogean,US,Threatened ,500,North America,26.3202,-80.9877
Maklew,-7.666666666669999,139.41666666700002,Bulaka River,Bulaka River,ID,Endangered ,120,Southeast Asia,-7.7561, 139.5049
Mambai,9.666666666669999,14.0,Adamawa,Niger-Congo,TD,Vulnerable ,15000,Africa,9.66666666667,14.0
Manchu,49.5,127.5,Tungusic,Altaic,CN,Critically Endangered ,20,East Asia,49.5,127.5
Manam,-4.0,145.0,Oceanic,Austronesian,PG,Threatened ,6000,Pacific,-4.07, 145.03
Manx,54.1666666667,-4.5,Celtic,Indo-European,GB,Awakening ,,Europe,54.163387, -4.498093
Margany,-27.0,144.5,Northern Pama-Nyungan,Pama-Nyungan,AU,Critically Endangered ,1,Australia,-27.21067033,144.7191154
Mohawk,43.5,-74.25,Northern Iroquoian,Iroquoian,CA US,Endangered ,3850,North America,42.9116,-74.5587
Mojave,34.6666666667,-114.583333333,Yuman,Hokan,US,Critically Endangered ,100,North America,34.0231,-114.5045
Mokilese,6.666666666669999,159.75,Oceanic,Austronesian,FM,Threatened ,1230,Pacific,6.66666666667,159.75
Mombum,-8.25,138.75,Mombum,Mombum,ID,Endangered ,250,Southeast Asia,-8.25,138.75
Mosetén,-14.75,-67.8333333333,Mosetenan,Mosetenan,BO,Vulnerable ,4800,South America,-15.2629,-66.8518
Movima,-13.833333333299999,-65.6666666667,Movima,Movima,BO,Threatened ,1173,South America,-13.8333333333,-65.6666666667
Mian,-4.75,141.5,Ok,Trans-New Guinea,PG,Threatened ,1750,Pacific,-4.9, 141.6
Mpur,-0.75,133.25,Kebar,West Papuan,ID,Threatened ,7000,Southeast Asia,-0.75, 133.17
Mapoyo,6.0,-67.0,Cariban,Cariban,VR,Critically Endangered ,3,South America,6.0,-67.0
Momuna,-4.83333333333,139.25,Momuna,Trans-New Guinea,ID,Threatened ,2000,Southeast Asia,-4.83333333333,139.25
Marrithiyel,-13.833333333299999,130.0,Bringen,Western Daly,AU,Critically Endangered ,25,Australia,-13.83887457,130.0009396
Mirniny,-31.0,129.0,Western Pama-Nyungan,Pama-Nyungan,AU,Critically Endangered ,1,Australia,-31.4815611,127.8200044
Murik,-3.83333333333,144.25,Lower Sepik,Lower Sepik-Ramu,PG,Threatened ,1256,Pacific,-3.83333333333, 144.25
Murle,6.5,33.5,Surmic,Eastern Sudanic,SS,Vulnerable ,60200,Africa,6.5,33.5
Moro,11.0,30.1666666667,Heiban,Kordofanian,SD,Vulnerable ,30000,Africa,11.0,30.1666666667
Martuthunira,-20.8333333333,116.5,Western Pama-Nyungan,Pama-Nyungan,AU,Critically Endangered ,5,Australia,-21.91408273,115.8212481
Muruwari,-28.75,147.0,Southeastern Pama-Nyungan,Pama-Nyungan,AU,Critically Endangered ,1,Australia,-28.94787072,146.6193904
Munsee,41.5,-74.6666666667,Algonquian,Algic,US,Critically Endangered ,few,North America,40.8969,-76.3769
Mising,28.5,94.8333333333,Tani,Sino-Tibetan,IN,At risk ,551224,South Asia,28.5,94.8333333333
Musom,-6.583333333330001,147.0,Oceanic,Austronesian,PG,Endangered ,219,Pacific,,
Barí,9.0,-73.0,Motilon,Chibchan,VR CO,Vulnerable ,4000,South America,9.0,-73.0
Muinane,-1.0,-72.5,Boran,Huitotoan,CO,Severely Endangered ,78,South America,-1.0,-72.5
Mulao,25.0,108.0,Kam-Tai,Tai-Kadai,CN,Critically Endangered ,onlyafewelderlyspeakers,East Asia,26.519, 106.984
Mursi,5.583333333330001,36.0833333333,Surmic,Eastern Sudanic,ET,Threatened ,3278,Africa,5.58333333333,36.0833333333
Mundurukú,-7.0,-58.0,Munduruku,Tupian,BR,Threatened ,8000,South America,-7.0,-58.0
Martu Wangka,-21.5,126.0,Western Pama-Nyungan,Pama-Nyungan,AU,Endangered ,800,Australia,-29.854456,122.324919
Mangarrayi,-14.666666666700001,133.5,Mangarrayi,Mangarrayi-Maran,AU,Critically Endangered ,50,Australia,-14.34354907,133.3128743
Mayo,26.0,-108.0,Cahita,Uto-Aztecan,MX,Vulnerable ,32702,"Mexico, Central America, Caribbean",26.45, -108.98
Matsés,-5.416666666669999,-73.25,Panoan,Panoan,PE BR,Threatened ,2200,South America,-5.283333,-73.15
Mayi-Yapi,-20.0,141.0,Northern Pama-Nyungan,Pama-Nyungan,AU,Dormant ,NoknownL1speakers,Australia,-19.194796, 140.468383
Nadëb,-1.0,-66.5,Nadahup,Nadahup,BR,Endangered ,370,South America,-1.0,-66.5
Nanai,49.5,137.0,Tungusic,Altaic,RU,Severely Endangered ,180,Caucasus;Europe;East Asia,47.935, 132.847
Namia,-3.83333333333,141.75,Yellow River,Sepik,PG,Vulnerable ,3500,Pacific,-3.863, 141.801
Natchez,31.75,-91.3333333333,Natchez,Natchez,US,Awakening ,,North America,,
Nauruan,-0.5,166.91666666700002,Oceanic,Austronesian,NR,Threatened ,6000,Pacific,-0.5,166.916666667
Navajo,36.1666666667,-108.0,Athapaskan,Na-Dene,US,At risk ,120000,North America,35.8044,-108.475
Ngombe,3.0,23.0,Bantoid,Niger-Congo,CD,Threatened ,1400,Africa,3.9492,15.2352
Ndut,14.916666666700001,-16.9166666667,Northern Atlantic,Niger-Congo,SN,Vulnerable ,25000,Africa,14.912690, -16.993375
Negidal,53.0,139.0,Tungusic,Altaic,RU,Severely Endangered ,150,Caucasus;Europe;East Asia,53.0,139.0
Nez Perce,46.0,-116.0,Sahaptian,Penutian,US,Critically Endangered ,50,North America,46.4347,-116.8268
Nganasan,71.0,93.0,Samoyedic,Uralic,RU,Severely Endangered ,500,Caucasus;Europe;East Asia,71.0,93.0
Ngan'gityemerri,-14.25,130.41666666700002,Ngankikurungkurr,Southern Daly,AU,Endangered ,150,Australia,-14.268," 131.237
"
Ngiyambaa,-31.75,145.5,Southeastern Pama-Nyungan,Pama-Nyungan,AU,Critically Endangered ,,Australia,-31.27664417,146.0548388
Ngandi,-13.833333333299999,135.0,Ngandi,Gunwinyguan,AU,Critically Endangered ,9,Australia,-14.08540036,135.3815377
Ngawun,-19.0,141.5,Northern Pama-Nyungan,Pama-Nyungan,AU,Critically Endangered ,1,Australia,-20.00086144,141.7753193
Ngarinyman,-16.5,130.5,Western Pama-Nyungan,Pama-Nyungan,AU,Endangered ,170,Australia,-16.97501636,131.9362017
Ngizim,12.083333333299999,10.916666666700001,West Chadic,Afro-Asiatic,NG,Vulnerable ,80000,Africa,11.710652, 11.082443
Ningil,-3.5,142.25,Wapei-Palei,Torricelli,PG,Endangered ,500,Pacific,-3.54, 142.27
Nukuoro,3.83333333333,154.91666666700002,Oceanic,Austronesian,FM,Endangered ,900,Pacific,3.83333333333,154.916666667
Ngarla,-20.0,119.0,Western Pama-Nyungan,Pama-Nyungan,AU,Critically Endangered ,Veryfew,Australia,-20.37356029,118.8259443
Ngarluma,-20.8333333333,117.5,Western Pama-Nyungan,Pama-Nyungan,AU,Severely Endangered ,20,Australia,-20.848545,117.696075
Nyamal,-21.0,119.0,Western Pama-Nyungan,Pama-Nyungan,AU,Critically Endangered ,10,Australia,-21.30071734, 119.7091996
Manange,28.5833333333,84.0,Bodic,Sino-Tibetan,NP,Threatened ,3000,South Asia,28.665, 84.023
Noghay,44.0,46.0,Turkic,Altaic,RU,Threatened ,70000,Caucasus;Europe;East Asia,46.3333333333,48.5
Nomatsiguenga,-11.666666666700001,-74.5,Pre-Andine Arawakan,Arawakan,PE,Threatened ,5531,South America,-11.6666666667,-74.5
Noon,14.833333333299999,-16.8333333333,Northern Atlantic,Niger-Congo,SN,Vulnerable ,25000,Africa,14.80, -16.933
Napu,-1.33333333333,120.416666667,Celebic,Austronesian,ID,Threatened ,6000,Southeast Asia,-1.33333333333,120.416666667
Nisenan,39.0,-121.0,Maiduan,Penutian,US,Dormant ,0,North America,39.0,-121.0
Ngaanyatjarra,-26.0,126.5,Western Pama-Nyungan,Pama-Nyungan,AU,Threatened ,1300,Australia,-25.983872, 127.007311
Nubi,0.666666666667,32.0833333333,Creoles and Pidgins,other,UG,Threatened ,25000,Africa,0.666666666667,32.0833333333
Nukak,2.5,-71.5,Cacua-Nukak,Cacua-Nukak,CO,Endangered ,390,South America,2.5,-71.5
Nyawaygi,-19.0,146.16666666700002,Northern Pama-Nyungan,Pama-Nyungan,AU,Critically Endangered ,3,Australia,-18.82290222, 146.1701373
Nyulnyul,-17.0,122.833333333,Nyulnyulan,Nyulnyulan,AU,Critically Endangered ,1,Australia,-16.87658868, 122.8231991
Obokuitai,-3.0,138.0,Lakes Plain,Lakes Plain,ID,Endangered ,120,Southeast Asia,-3.0,138.0
Ocaina,-2.75,-71.75,Huitoto,Huitotoan,PE,Critically Endangered ,50,South America,-2.75,-71.75
Oksapmin,-5.16666666667,142.16666666700002,Oksapmin,Oksapmin,PG,Vulnerable ,8000,Pacific,-5.21, 142.18
Olo,-3.41666666667,142.0,Wapei-Palei,Torricelli,PG,Vulnerable ,13000,Pacific,-3.4, 142.1
Omagua,-4.0,-73.5,Tupi-Guaraní,Tupian,PE,Critically Endangered ,10,South America,-4.0,-73.5
Oneida,43.0,-75.6666666667,Northern Iroquoian,Iroquoian,US,Endangered ,212,North America,43.0778,-75.6622
One,-3.25,141.91666666700002,West Wapei,Torricelli,PG,Threatened ,4450,Pacific,-3.3, 141.9
Onondaga,42.75,-76.1666666667,Northern Iroquoian,Iroquoian,US,Critically Endangered ,52,North America,43.1194,-80.1174
O'odham,32.0,-112.0,Tepiman,Uto-Aztecan,MX US,Vulnerable ,15000,"North America;Mexico, Central America, Caribbean",33.059,-112.0479
Oroch,50.3333333333,137.5,Tungusic,Altaic,RU,Severely Endangered ,150,Caucasus;Europe;East Asia,50.3333333333,137.5
Ordos,39.0,109.0,Mongolic,Altaic,CN,Vulnerable ,100000,East Asia,39.612, 109.781
Orejón,-2.83333333333,-72.5,Tucanoan,Tucanoan,PE,Critically Endangered ,90,South America,-2.83333333333,-72.5
Orok,49.5,143.5,Tungusic,Altaic,RU,Critically Endangered ,60,Caucasus;Europe;East Asia,52.341, 143.091
Ormuri,32.5,69.75,Iranian,Indo-European,PK,Threatened ,3000,South Asia;Near East,32.5,69.75
Osage,37.0,-94.0,Core Siouan,Siouan,US,Awakening ,,North America,36.6683,-96.3316
Otoro,11.166666666700001,30.5,Heiban,Kordofanian,SD,Endangered ,10000,Africa,11.1666666667,30.5
Pa'a,11.0,9.25,West Chadic,Afro-Asiatic,NG,Threatened ,8000,Africa,,
Padoe,-2.33333333333,121.333333333,Celebic,Austronesian,ID,Threatened ,6000,Southeast Asia,-2.33333333333,121.333333333
Paumarí,-6.0,-64.0,Arauan,Arauan,BR,Endangered ,200,South America,-6.0,-64.0
Poqomam,14.666666666700001,-90.5,Mayan,Mayan,GT,Threatened ,9548,"Mexico, Central America, Caribbean",14.73, -89.74
Pech,15.0,-85.5,Paya,Chibchan,HN,Endangered ,600,"Mexico, Central America, Caribbean",15.0,-85.5
Pilagá,-25.0,-60.0,South Guaicuruan,Guaicuruan,AR,Threatened ,6000,South America,-25.4035, -58.6669
Piaroa,5.0,-67.0,Piaroa,Sáliban,VR,Vulnerable ,13773,South America,5.0,-67.0
Pipil,13.833333333299999,-89.5833333333,Aztecan,Uto-Aztecan,SV,Critically Endangered ,97,"Mexico, Central America, Caribbean",13.721709,-89.721314
Piro,-11.0,-73.5,Purus,Arawakan,PE,Threatened ,3490,South America,-11.0,-73.5
Pitjantjatjara,-26.0,130.0,Western Pama-Nyungan,Pama-Nyungan,AU,Vulnerable ,3000,Australia,-25.97129594, 130.0189562
Paakantyi,-32.5,142.5,Central Pama-Nyungan,Pama-Nyungan,AU,Critically Endangered ,2,Australia,-31.12813021, 144.2235677
Playero,7.0,-71.0,Guahiban,Guahiban,CO,Endangered ,400,South America,7.0,-71.0
Paulohi,-3.25,128.75,Central Malayo-Polynesian,Austronesian,ID,Severely Endangered ,50,Southeast Asia,-3.25,128.75
Palikur,3.0,-51.0,Eastern Arawakan,Arawakan,BR,Threatened ,2000,South America,3.0,-51.0
Panare,6.5,-66.0,Cariban,Cariban,VR,Vulnerable ,3100,South America,6.5,-66.0
Panyjima,-22.8333333333,118.416666667,Western Pama-Nyungan,Pama-Nyungan,AU,Severely Endangered ,50,Australia,-23.01539682, 117.6751312
Potawatomi,44.5,-85.0,Algonquian,Algic,US,Critically Endangered ,10,North America,39.3251,-95.8495
Piapoco,4.0,-69.5,Inland Northern Arawakan,Arawakan,CO,Threatened ,6041,South America,4.0,-69.5
Prasuni,35.5,71.0,Nuristani,Indo-European,AF,Vulnerable ,8000,Near East,35.5,71.0
Pirahã,-7.0,-62.0,Mura,Mura,BR,Vulnerable ,389,South America,-7.0,-62.0
Provençal,44.0,6.0,Romance,Indo-European,FR,Threatened ,200000,Europe,44, 6
Port Sandwich,-16.5,167.75,Oceanic,Austronesian,VU,Threatened ,1200,Pacific,-16.5,167.75
Pattani,32.75,76.75,Bodic,Sino-Tibetan,IN,Vulnerable ,11000,South Asia,32.75,76.75
Patwin,39.0,-122.333333333,Wintuan,Penutian,US,Critically Endangered ,1,North America,38.7608,-122.0354
Puinave,4.0,-68.0,Puinave,Puinave,VR CO,Threatened ,7154,South America,4.0,-68.0
Pawnee,41.0,-98.6666666667,Caddoan,Caddoan,US,Critically Endangered ,10,North America,36.3372,-96.8032
Quechan,32.8333333333,-114.333333333,Yuman,Hokan,US,Critically Endangered ,150,North America,32.7279,-114.7255
Quileute,47.9166666667,-124.25,Chimakuan,Chimakuan,US,Dormant ,0,North America,47.9166666667,-124.25
Rama,11.75,-83.75,Rama,Chibchan,NI,Critically Endangered ,29,"Mexico, Central America, Caribbean",11.75,-83.75
Rao,-4.75,144.5,Annaberg,Lower Sepik-Ramu,PG,Threatened ,4000,Pacific,-4.75, 144.5
Remo,18.0,82.0,Munda,Austro-Asiatic,IN,Threatened ,9000,South Asia,18.0,82.0
Resígaro,-2.41666666667,-71.5,Inland Northern Arawakan,Arawakan,PE CO,Critically Endangered ,1,South America,-2.41666666667,-71.5
Raji,28.0,82.75,Raji-Raute,Sino-Tibetan,NP IN,Endangered ,472inIndia,South Asia,28.0,82.75
Romansch,46.6666666667,9.166666666669999,Romance,Indo-European,CH,Vulnerable ,60000,Europe,46.5777,9.6954
Shughni,38.1666666667,71.5,Iranian,Indo-European,TJ AF,Vulnerable ,80000,Near East,,
Rutul,41.5,47.4166666667,Lezgic,Nakh-Daghestanian,RU AZ,Vulnerable ,19000,Caucasus;Europe;East Asia,41.5,47.4166666667
Saek,17.4166666667,104.75,Kam-Tai,Tai-Kadai,LA TH,Threatened ,10000,Southeast Asia,17.4166666667,104.75
Savi,35.0,71.5,Indic,Indo-European,AF,,Unknown,South Asia;Near East,35.0,71.5
Sayula Popoluca,17.8333333333,-95.0,Mixe-Zoque,Mixe-Zoque,MX,Threatened ,3025,"Mexico, Central America, Caribbean",17.8333333333,-95.0
Sandawe,-5.0,35.0,Sandawe,Sandawe,TZ,Vulnerable ,60000,Africa,-5.342583, 35.562744
Seediq,24.1666666667,121.416666667,Atayalic,Austronesian,TW,Critically Endangered ,Unknown,East Asia,23.77, 121.35
Seri,29.0,-112.0,Seri,Hokan,MX,Threatened ,716,"Mexico, Central America, Caribbean",29.0,-112.0
Shabo,7.583333333330001,35.4166666667,Shabo,Shabo,ET,Severely Endangered ,600,Africa,7.58333333333, 35.4166666667
Sherdukpen,27.0,92.5,Western Arunachal,Sino-Tibetan,IN,Threatened ,2000,South Asia,27.0,92.5
Sherpa,27.75,86.8333333333,Bodic,Sino-Tibetan,NP,Threatened ,1500070000,South Asia;East Asia,27.75,86.8333333333
Shoshone,41.0,-114.0,Numic,Uto-Aztecan,US,Endangered ,1000,North America,43.0438,-112.4629
Shor,53.0,88.0,Turkic,Altaic,RU,Severely Endangered ,10000,Caucasus;Europe;East Asia,53.0,88.0
Shatt,10.833333333299999,30.0,Daju,Eastern Sudanic,SD,Vulnerable ,30000,Africa,10.8333333333, 30.0
Shawnee,40.0,-83.0,Algonquian,Algic,US,Severely Endangered ,100,North America,35.359,-96.9298
Sila,12.333333333299999,21.75,Daju,Eastern Sudanic,TD,Threatened ,2118,Southeast Asia,22.3094,102.041
Siuslaw,44.0,-124.0,Siuslawan,Oregon Coast,US,Dormant ,Ø,North America,42.653122, -124.358941
Skou,-2.66666666667,140.91666666700002,Western Skou,Skou,ID,Threatened ,700,Southeast Asia,-2.64, 140.90
Salar,35.0,103.0,Turkic,Altaic,CN,Threatened ,95000,East Asia,36.2752, 102.4584
Semai,4.33333333333,101.666666667,Aslian,Austro-Asiatic,MY,Vulnerable ,29000,Southeast Asia,4.33333333333,101.666666667
Semelai,3.0,103.0,Aslian,Austro-Asiatic,MY,Vulnerable ,4103,Southeast Asia,3.099, 102.622
Seneca,42.5,-77.5,Northern Iroquoian,Iroquoian,US,Critically Endangered ,50,North America,42.3291,-78.868
Sobei,-1.9166666666699999,138.75,Oceanic,Austronesian,ID,Endangered ,1850,Southeast Asia,-1.91666666667,138.75
Solon,48.0,120.0,Tungusic,Altaic,CN,Threatened ,15000,East Asia,48.166,119.4873
Sora,20.0,84.3333333333,Munda,Austro-Asiatic,IN,At risk ,150000,South Asia,20.0,84.3333333333
Siriano,0.75,-70.1666666667,Tucanoan,Tucanoan,BR CO,Endangered ,820,South America,0.318919, -69.247622
Sirionó,-15.583333333299999,-64.0,Tupi-Guaraní,Tupian,BO,Critically Endangered ,100,South America,-15.510264,-63.997361
Serrano,34.5,-117.0,California Uto-Aztecan,Uto-Aztecan,US,Awakening ,,North America,34.1212,-117.2221
Siraya,23.0,120.25,East Formosan,Austronesian,TW,Awakening ,,East Asia,23.1, 120.2
Stoney,53.75,-116.5,Core Siouan,Siouan,CA,Endangered ,1000,North America,53.75,-116.5
Subiya,-17.75,24.9166666667,Bantoid,Niger-Congo,,Vulnerable ,24500,Africa,-17.75,24. 9166666667
Suena,-7.75,147.55,Binanderean,Trans-New Guinea,PG,Threatened ,3000,Pacific,-7.75,147.55
Sulka,-5.08333333333,151.91666666700002,Sulka,Sulka,PG,Threatened ,2500,Pacific,,
Svan,43.0,42.5,Kartvelian,Kartvelian,GE,Vulnerable ,30000,Caucasus,43.0,42.5
Savosavo,-9.13333333333,159.8,Savosavo,Solomons East Papuan,SB,Threatened ,2500,Pacific,-9.1316, 159.8124
Taba,0.0,127.5,South Halmahera - West New Guinea,Austronesian,ID,Endangered ,30000,Southeast Asia,,
Tacana,-13.5,-68.0,Tacanan,Tacanan,BO,Threatened ,1153,South America,-13.5,-68.0
Taiap,-4.08333333333,144.5,Gapun,Gapun,PG,Severely Endangered ,75,Pacific,-4.08333333333, 144.5
Tariana,1.0,-69.1666666667,Inland Northern Arawakan,Arawakan,BR,Critically Endangered ,90,South America,1.0,-69.1666666667
Tobati,-2.58333333333,140.66666666700002,Oceanic,Austronesian,ID,Severely Endangered ,100,Southeast Asia,-2.58333333333,140.666666667
Toda,11.416666666700001,76.75,Southern Dravidian,Dravidian,IN,Endangered ,1000,South Asia,11.4166666667,76.75
Tehuelche,-48.0,-68.0,Chon Proper,Chon,AR,Critically Endangered ,2,South America,-48.0, -68.0
Tennet,4.41666666667,32.5,Surmic,Eastern Sudanic,SS,Threatened ,4000,Africa,4.41666666667, 32.5
Teop,-5.666666666669999,155.0,Oceanic,Austronesian,PG,Threatened ,5000,Pacific,-5.66666666667,155.0
Thakali,29.0,83.75,Bodic,Sino-Tibetan,NP,Threatened ,7113,South Asia,29.0,83.75
Thangmi,27.75,86.0,Mahakiranti,Sino-Tibetan,NP,Threatened ,18991,South Asia,27.52, 86.07
Thulung,27.4166666667,86.5,Mahakiranti,Sino-Tibetan,NP,Severely Endangered ,1000,South Asia,27.4166666667,86.5
Thao,23.883333333299998,120.916666667,Western Plains Austronesian,Austronesian,TW,Critically Endangered ,4,East Asia,,
Kuuk Thaayorre,-14.583333333299999,141.83333333299998,Northern Pama-Nyungan,Pama-Nyungan,AU,Endangered ,150,Australia,-14.818,141.847
Tima,11.666666666700001,29.25,Katla-Tima,Kordofanian,SD,Threatened ,5000,Africa,11.6666666667, 29.25
Tifal,-5.0,141.33333333299998,Ok,Trans-New Guinea,PG,Threatened ,2800,Pacific,-5.04, 141.29
Tiwi,-11.5,131.0,Tiwian,Tiwian,AU,Threatened ,1500,Australia,-11.6788294, 130.8353696
Tokelauan,-9.0,-172.0,Oceanic,Austronesian,TK,Threatened ,Fewerthan8000,Pacific,-9.383, -171.224
Telefol,-5.0,141.75,Ok,Trans-New Guinea,PG,Threatened ,4500,Pacific,-5.07, 141.73
Tlingit,59.0,-135.0,Tlingit,Na-Dene,US,Critically Endangered ,200,North America,59.6200000, -132.8700000
Taulil,-4.41666666667,152.08333333299998,Taulil,Baining-Taulil,PG,Endangered ,800,Pacific,-4.41666666667,152.083333333
Tlapanec,17.0833333333,-99.0,Subtiaba-Tlapanec,Oto-Manguean,MX,At risk ,120072,"Mexico, Central America, Caribbean",16.7325, -98.6034
Temein,11.916666666700001,29.4166666667,Temein,Eastern Sudanic,SD,Vulnerable ,13000,Africa,11.9166666667, 29.4166666667
Temiar,5.0,101.5,Aslian,Austro-Asiatic,MY,Vulnerable ,,Southeast Asia,5.0,101.5
Tunebo,6.75,-72.25,Tunebo,Chibchan,CO,Threatened ,7231,South America,6.4463, -72.0483
Tanacross,63.5,-143.5,Athapaskan,Na-Dene,US,Critically Endangered ,50,North America,63.658611,-144.065833
Tindi,42.3666666667,46.25,Avar-Andic-Tsezic,Nakh-Daghestanian,RU,Threatened ,4000,Caucasus;Europe;East Asia,42.3666666667,46.25
Tinani,32.3333333333,77.1666666667,Bodic,Sino-Tibetan,IN,Threatened ,,South Asia;East Asia,32.3333333333,77.1666666667
Toba,-26.5,-59.0,South Guaicuruan,Guaicuruan,AR,Vulnerable ,31593,South America,-26.5, -59.0
Tofa,53.75,98.0,Turkic,Altaic,RU,Critically Endangered ,40,Caucasus;Europe;East Asia,53.75,98.0
Tojolabal,16.3333333333,-91.5,Mayan,Mayan,MX,Threatened ,,"Mexico, Central America, Caribbean",16.3333333333,-91.5
Tol,14.666666666700001,-87.0,Tol,Tol,HN,Endangered ,250,"Mexico, Central America, Caribbean",14.6666666667,-87.0
Teribe,9.333333333330001,-82.6666666667,Talamanca,Chibchan,PA CR,Threatened ,3000,"Mexico, Central America, Caribbean",9.33333333333,-82.6666666667
Ternate,0.833333333333,127.25,North Halmaheran,West Papuan,ID,Threatened ,42000,Southeast Asia,0.783333, 127.366667
Trumai,-11.916666666700001,-53.5833333333,Trumai,Trumai,BR,Critically Endangered ,50,South America,-11.9166666667,-53.5833333333
Torwali,34.25,72.0,Indic,Indo-European,PK,Vulnerable ,80000,South Asia,34.25,72.0
Tsakhur,41.6666666667,47.1666666667,Lezgic,Nakh-Daghestanian,RU AZ,Vulnerable ,19000,Caucasus;Europe;East Asia,41.6666666667,47.1666666667
Tsafiki,-1.0,-79.3333333333,Barbacoan,Barbacoan,EC,Threatened ,1872,South America,-1.0,-79.3333333333
Tsou,23.5,120.75,Tsou,Austronesian,TW,Endangered ,1000,East Asia,23.5,120.75
Taushiro,-3.25,-75.5,Taushiro,Taushiro,PE,Critically Endangered ,1,South America,-3.25,-75.5
Tsat,18.25,109.5,Malayo-Sumbawan,Austronesian,CN,Threatened ,4000,East Asia,18.25,109.5
Tsez,42.25,45.75,Avar-Andic-Tsezic,Nakh-Daghestanian,RU,Threatened ,7000,Caucasus;Europe;East Asia,42.25,45.75
Tatuyo,0.416666666667,-70.5,Tucanoan,Tucanoan,CO,Endangered ,331,South America,0.416666666667,-70.5
Tuamotuan,-17.0,-144.0,Oceanic,Austronesian,PF,Vulnerable ,14400,Pacific,-17.0,-144.0
Tumleo,-3.08333333333,142.41666666700002,Oceanic,Austronesian,PG,Endangered ,610,Pacific,-3.12, 142.40
Tunica,32.6666666667,-91.0,Tunica,Tunica,US,Awakening ,,North America,31.126700, -92.066100
Tuscarora,36.0,-77.5,Northern Iroquoian,Iroquoian,US,Critically Endangered ,3,North America,43.0877,-79.0627
Tuvaluan,-8.5,179.16666666700002,Oceanic,Austronesian,TV,Vulnerable ,9000,Pacific,-8.5,179.166666667
Tzeltal,16.8333333333,-92.25,Mayan,Mayan,MX,At risk ,261084,"Mexico, Central America, Caribbean",16.64, -92.28
Tzotzil,16.5,-92.6666666667,Mayan,Mayan,MX,At risk ,229203,"Mexico, Central America, Caribbean",16.64, -92.74
Udi,41.0,48.0,Lezgic,Nakh-Daghestanian,AZ,Endangered ,5500,Caucasus;Europe;East Asia,41.0,48.0
Udmurt,57.5,52.5,Permic,Uralic,RU,Threatened ,324338,Caucasus;Europe;East Asia,57.5,52.5
Uradhi,-11.916666666700001,142.41666666700002,Northern Pama-Nyungan,Pama-Nyungan,AU,Critically Endangered ,2,Australia,-12.41788993,141.8611366
Upper Kuskokwim,63.0,-157.0,Athapaskan,Na-Dene,US,Critically Endangered ,25,North America,63.0091,-154.3889
Ulithian,9.916666666669999,139.58333333299998,Oceanic,Austronesian,FM,Threatened ,3075,Pacific,9.91666666667,139.583333333
Umpila,-13.5,143.5,Northern Pama-Nyungan,Pama-Nyungan,AU,Critically Endangered ,Afew,Australia,-13.48164763,143.5323774
Unami,40.0,-75.1666666667,Algonquian,Algic,US,Dormant ,0,North America,40.0,-75.1666666667
Urim,-3.58333333333,142.66666666700002,Urim,Torricelli,PG,Threatened ,2538,Pacific,-3.60, 142.79
Urak Lawoi',8.0,98.3333333333,Malayo-Sumbawan,Austronesian,TH,Endangered ,,Southeast Asia,7.880, 98.392
Urum,47.1166666667,37.55,Turkic,Altaic,GE UA,Endangered ,,Caucasus;Europe;East Asia,47.1166666667,37.55
Urarina,-4.5,-75.5,Urarina,Urarina,PE,Threatened ,2000,South America,-4.5,-75.5
Urat,-3.66666666667,142.83333333299998,Wapei-Palei,Torricelli,PG,Threatened ,6280,Pacific,-3.60, 142.79
Uru,-16.75,-69.0,Uru-Chipaya,Uru-Chipaya,BO,Dormant ,0,South America,-16.75,-69.0
Ute,39.0,-109.0,Numic,Uto-Aztecan,US,Endangered ,3500,North America,37.6818,-113.088
Vafsi,34.6666666667,49.9166666667,Iranian,Indo-European,IR,Vulnerable ,20000,Near East,34.6666666667,49.9166666667
Veps,60.0,35.0,Finnic,Uralic,RU,Severely Endangered ,3613,Caucasus;Europe;East Asia,60.0,35.0
Vinmavis,-16.1666666667,167.41666666700002,Oceanic,Austronesian,VU,Endangered ,500,Pacific,,
Votic,59.5,30.0,Finnic,Uralic,RU,Critically Endangered ,10,Caucasus;Europe;East Asia,59.5,30.0
Wagiman,-14.0,131.25,Wagiman,Wagiman,AU,Severely Endangered ,50,Australia,-14.18804631,131.6147964
Wakhi,36.5,72.0,Iranian,Indo-European,AF PK TJ,Vulnerable ,37570,South Asia;Near East;East Asia,37.1603,74.9047
Walman,-3.21666666667,142.5,Wapei-Palei,Torricelli,PG,Severely Endangered ,1740,Pacific,-3.25, 142.50
Wambaya,-18.6666666667,135.75,Wambayan,Mirndi,AU,Critically Endangered ,3,Australia,-16.31666942,135.2617924
Wangkumara,-27.3333333333,143.0,Central Pama-Nyungan,Pama-Nyungan,AU,Awakening ,,Australia,-27.10148693,143.1961902
Waorani,-1.0,-76.5,Waorani,Waorani,EC,Threatened ,1616,South America,-1.0,-76.5
Wappo,38.5,-122.5,Wappo,Wappo-Yukian,US,Awakening ,,North America,38.5,-122.5
Wari',-11.333333333299999,-65.0,Chapacura-Wanham,Chapacura-Wanham,BR,Threatened ,2381,South America,-11.3333333333,-65.0
Washo,39.25,-120.0,Washo,Washo,US,Severely Endangered ,20,North America,38.9226,-119.7256
Waunana,4.0,-77.0,Choco,Choco,CO PA,Threatened ,13000,"South America;Mexico, Central America, Caribbean",4.0,-77.0
Wichí,-22.5,-62.5833333333,Matacoan,Matacoan,AR BO,Vulnerable ,30560,South America,-22.5, -62.5833333333
Welsh,52.0,-3.0,Celtic,Indo-European,GB,Vulnerable ,562016inWales,Europe;South America,53.14,-4.27
Waigali,35.0,71.25,Nuristani,Indo-European,AF,Threatened ,1500,Near East,35.0,71.25
Wichita,33.3333333333,-97.3333333333,Caddoan,Caddoan,US,Dormant ,0,North America,35.0647,-98.2788
Wintu,41.0,-122.5,Wintuan,Penutian,US,Dormant ,0,North America,39.8637,-122.0822
Wirangu,-32.0,134.0,Central Pama-Nyungan,Pama-Nyungan,AU,Awakening ,,Australia,-31.57687017,132.8519652
Wiyot,40.8333333333,-124.166666667,Wiyot,Algic,US,Awakening ,,North America,40.8333333333,-124.166666667
Wambule,29.25,85.9166666667,Mahakiranti,Sino-Tibetan,NP,Vulnerable ,15000,South Asia,29.25,85.9166666667
Winnebago,43.5,-88.5,Core Siouan,Siouan,US,Endangered ,250,North America,42.2475,-96.4722
Wantoat,-6.166666666669999,146.5,Finisterre-Huon,Trans-New Guinea,PG,Threatened ,8200,Pacific,-6.16666666667,146.5
Wogamusin,-4.25,142.33333333299998,Upper Sepik,Sepik,PG,Endangered ,368,Pacific,-4.23, 142.40
Woleaian,7.333333333330001,143.83333333299998,Oceanic,Austronesian,FM,Threatened ,1630,Pacific,7.33333333333,143.833333333
Warao,9.333333333330001,-61.6666666667,Warao,Warao,VR,Vulnerable ,32400,South America,9.33333333333,-61.6666666667
Warrnambool,-38.25,142.5,Southeastern Pama-Nyungan,Pama-Nyungan,AU,Dormant ,0,Australia,-38.345,142.4608
Wardaman,-15.5,131.0,Yangmanic,Yangmanic,AU,Severely Endangered ,30,Australia,-14.465267,132.246841
Warrgamay,-18.5833333333,146.08333333299998,Northern Pama-Nyungan,Pama-Nyungan,AU,Critically Endangered ,3,Australia,-18.4,145.877
Warlpiri,-20.0,132.33333333299998,Western Pama-Nyungan,Pama-Nyungan,AU,Threatened ,3000,Australia,,
Warembori,-1.6666666666699999,137.58333333299998,South Halmahera - West New Guinea,Austronesian,ID,Endangered ,600,Southeast Asia,-1.535102, 137.906028
Waris,-3.16666666667,141.0,Border,Border,PG ID,Threatened ,4400,Southeast Asia;Pacific,-3.14, 140.93
Warumungu,-19.5,134.5,Western Pama-Nyungan,Pama-Nyungan,AU,Severely Endangered ,50,Australia,-19.08616819,134.5462824
Warrwa,-17.5,123.5,Nyulnyulan,Nyulnyulan,AU,Critically Endangered ,2,Australia,-17.2069978,124.2149579
Wathawurrung,-38.0,144.0,Southeastern Pama-Nyungan,Pama-Nyungan,AU,Awakening ,,Australia,-37.68777565,144.1013148
Watam,-3.91666666667,144.5,Lower Ramu,Lower Sepik-Ramu,PG,Threatened ,1086,Pacific,-4.03, 144.58
Waurá,-13.0,-53.0,Central Arawakan,Arawakan,BR,Endangered ,410,South America,-13.0,-53.0
Woiwurrung,-37.5,145.5,Southeastern Pama-Nyungan,Pama-Nyungan,AU,Awakening ,,Australia,-37.64264501,145.5879962
Wayana,3.25,-54.1666666667,Cariban,Cariban,SR BR GF,Threatened ,1738,South America,3.25,-54.1666666667
Kombio,-3.5,142.75,Kombio-Arapesh,Torricelli,PG,Endangered ,2970,Pacific,-3.48, 142.69
Kanashi,32.0833333333,77.25,Bodic,Sino-Tibetan,IN,Threatened ,1400,South Asia,32.0833333333,77.25
Xokleng,-24.5,-50.0,Ge-Kaingang,Macro-Ge,BR,Endangered ,790,South America,-24.5,-50.0
Yagua,-3.5,-72.0,Peba-Yaguan,Peba-Yaguan,PE,Threatened ,4297,South America,-3.5,-72.0
Yaka,-7.0,17.5,Bantoid,Niger-Congo,AO CD,Vulnerable ,30000,Africa,2.66666666667,16.25
Yaqui,27.5,-110.25,Cahita,Uto-Aztecan,MX,Vulnerable ,21000,"North America;Mexico, Central America, Caribbean",27.868742,-110.279364
Yamphu,27.5833333333,87.3333333333,Mahakiranti,Sino-Tibetan,NP,Threatened ,1722,South Asia,27.5833333333,87.3333333333
Yucuna,-0.75,-71.0,Inland Northern Arawakan,Arawakan,CO,Endangered ,550,South America,-0.75,-71.0
Yucatec,20.0,-89.0,Mayan,Mayan,MX,At risk ,706000,"Mexico, Central America, Caribbean",18.78, -88.96
Yessan-Mayo,-4.16666666667,142.58333333299998,Tama Sepik,Sepik,PG,Endangered ,900,Pacific,-4.16, 142.57
Yeyi,-20.0,23.5,Bantoid,Niger-Congo,BW NA,Severely Endangered ,20000,Africa,-20.0, 23.5
Yaghnobi,39.0,69.0,Iranian,Indo-European,TJ,Vulnerable ,13500,Near East,39.0,69.0
Yidiny,-17.0,145.75,Northern Pama-Nyungan,Pama-Nyungan,AU,Severely Endangered ,12,Australia,-17.11594422, 145.7736814
Yil,-3.53333333333,142.15,Wapei-Palei,Torricelli,PG,Threatened ,2134,Pacific,-3.5, 142.2
Yimas,-4.66666666667,143.55,Lower Sepik,Lower Sepik-Ramu,PG,Endangered ,250,Pacific,-4.66666666667, 143.55
Yindjibarndi,-21.75,117.916666667,Western Pama-Nyungan,Pama-Nyungan,AU,Severely Endangered ,600,Australia,-22.10432211, 118.0814646
Yuki,39.6666666667,-123.5,Yukian,Wappo-Yukian,US,Endangered ,140,South America,-16.2463,-65.0061
Yukpa,10.1666666667,-72.75,Cariban,Cariban,VR CO,Vulnerable ,11173,South America,10.1666666667,-72.75
Yakut,62.0,130.0,Turkic,Altaic,RU,Vulnerable ,456288,Caucasus;Europe;East Asia,62.3496,
Yulparija,-21.0,124.0,Western Pama-Nyungan,Pama-Nyungan,AU,Severely Endangered ,100,Australia,-20.81469107,124.5495702
Yalarnnga,-22.0,140.0,Northern Pama-Nyungan,Pama-Nyungan,AU,Dormant ,0,Australia,-21.97436706, 139.9133497
Yingkarta,-25.1666666667,114.833333333,Western Pama-Nyungan,Pama-Nyungan,AU,Critically Endangered ,2,Australia,,
Yanyuwa,-16.4166666667,137.16666666700002,Western Pama-Nyungan,Pama-Nyungan,AU,Severely Endangered ,52,Australia,-16.49279406,136.7840759
Yaruro,7.0,-68.0,Yaruro,Yaruro,VR,Threatened ,7400,South America,7.0,-68.0
Yuchi,35.75,-86.75,Yuchi,Yuchi,US,Critically Endangered ,7,North America,36.0009,-96.0988
Yulu,8.5,25.25,Bongo-Bagirmi,Central Sudanic,SS,Threatened ,3000,Africa,,
Yurok,41.3333333333,-124.0,Yurok,Algic,US,Awakening ,,North America,41.0607,-124.1413
Yuwaalaraay,-29.5,148.0,Southeastern Pama-Nyungan,Pama-Nyungan,AU,Critically Endangered ,1,Australia,-29.84291122,149.806501
Yawuru,-18.0,122.5,Nyulnyulan,Nyulnyulan,AU,Critically Endangered ,5,Australia,-17.91457525, 122.3569459
Yaygir,-29.6666666667,153.0,Southeastern Pama-Nyungan,Pama-Nyungan,AU,Dormant ,0,Australia,-29.91558791, 153.2691386
Yorta Yorta,-36.0,146.0,Southeastern Pama-Nyungan,Pama-Nyungan,AU,Awakening ,,Australia,-36.0469555, 144.8188789
Yazva,65.0,55.0,Permic,Uralic,RU,Critically Endangered ,200,Caucasus;Europe;East Asia,60.72, 55.76
Zenaga,17.3333333333,-16.0,Berber,Afro-Asiatic,MR,Endangered ,200,Africa,17.3333333333, -16.0
Zuni,35.0833333333,-108.833333333,Zuni,Zuni,US,Threatened ,9000,North America,35.082,-108.76
