year,cumulative,field1,field2,field3,field4,field5,field6,field7,field8,field9,field10,field11,field12
1900,3,Language: Mandaic  | Country: Iran/Iraq,Language: Moran  | Country: India,Language: Wulguru  | Country: Australia,,,,,,,,,
1901,9,Language: Atakapa  | Country: Louisiana/Texas (US),Language: Jersey Dutch  | Country: New Jersey (US),Language: Kazukuru  | Country: Solomon Islands,Language: Kyakhta  | Country: Russia/China,Language: Chaná  | Country: Uruguay,Language: East Leinster  | Country: Ireland,,,,,,
1902,14,Language: Aka-Bea  | Country: India,Language: Oko-Juwoi  | Country: India,Language: Aka-Kol  | Country: India,Language: Aka-Kede  | Country: India,Language: Akar-Bale  | Country: India,,,,,,,
1903,15,Language: Dyirringany  | Country: Australia,,,,,,,,,,,
1904,15,,,,,,,,,,,,
1905,16,Language: Tasmanian  | Country: Australia,,,,,,,,,,,
1906,16,,,,,,,,,,,,
1907,16,,,,,,,,,,,,
1908,17,Language: Siraya  | Country: Taiwan,Language: Mohegan-Pequot  | Country: New England region (US),,,,,,,,,,
1909,17,,,,,,,,,,,,
1910,19,Language: Kwalhioqua  | Country: Washington (US),Language: Jangil  | Country: India,,,,,,,,,,
1911,19,,,,,,,,,,,,
1912,20,Language: Tataviam  | Country: California (US),,,,,,,,,,,
1913,20,,,,,,,,,,,,
1914,20,,,,,,,,,,,,
1915,21,Language: Yamhill  | Country: Oregon (US),,,,,,,,,,,
1916,22,Language: Yahi  | Country: California (US),,,,,,,,,,,
1917,22,,,,,,,,,,,,
1918,23,Language: Pochutec  | Country: Mexico,,,,,,,,,,,
1919,23,,,,,,,,,,,,
1920,25,Language: Mochica  | Country: Peru,Language: Yupiltepeque  | Country: Guatemala,,,,,,,,,,
1921,25,,,,,,,,,,,,
1922,26,Language: Chagatai  | Country: Turkmenistan,,,,,,,,,,,
1923,26,,,,,,,,,,,,
1924,26,,,,,,,,,,,,
1925,28,Language: Chochenyo  | Country: California (US),Language: Island Carib  | Country: Lesser Antilles,,,,,,,,,,
1926,29,Language: Subtiaba  | Country: Nicaragua,,,,,,,,,,,
1927,29,,,,,,,,,,,,
1928,29,,,,,,,,,,,,
1929,30,Language: Bear River  | Country: California (US),,,,,,,,,,,
1930,33,Language: Mutsun  | Country: California (US),Language: Mattole  | Country: California (US),Language: Ajawa  | Country: Nigeria,,,,,,,,,
1931,34,Language: Kaurna  | Country: Australia,,,,,,,,,,,
1932,35,Language: Tonkawa  | Country: Oklahoma/Texas/New Mexico  (US),,,,,,,,,,,
1933,36,Language: Gabrielino  | Country: California (US),,,,,,,,,,,
1934,40,Language: Biloxi  | Country: Louisiana (US),Language: Juaneño  | Country: California (US),Language: Puelche  | Country: Argentina,Language: Takelma  | Country: Oregon (US),,,,,,,,
1935,47,Language: Cayuse  | Country: Oregon (US),Language: Chimariko  | Country: California (US),Language: Kathlamet  | Country: Washington/Oregon (US),Language: Lower Chinook  | Country: Washington/Oregon (US),Language: Mahican  | Country: New York  United States,Language: Clackamas  | Country: Washington/Oregon (US),Language: Kitsai  | Country: Oklahoma (US),,,,,
1936,48,Language: Narungga  | Country: Australia,,,,,,,,,,,
1937,50,Language: Yoncalla  | Country: Oregon (US),Language: Kitanemuk  | Country: California (US),,,,,,,,,,
1938,50,,,,,,,,,,,,
1939,53,Language: Rumsen  | Country: California (US),Language: Miluk  | Country: Oregon (US),Language: Northern Kalapuya  | Country: Oregon (US),,,,,,,,,
1940,55,Language: Chitimacha  | Country: Louisiana (US),Language: Pentlatch  | Country: Canada,,,,,,,,,,
1941,55,,,,,,,,,,,,
1942,55,,,,,,,,,,,,
1943,56,Language: Upper Umpqua  | Country: Oregon (US),,,,,,,,,,,
1944,56,,,,,,,,,,,,
1945,57,Language: Chemakum  | Country: Washington (US),,,,,,,,,,,
1946,57,,,,,,,,,,,,
1947,57,,,,,,,,,,,,
1948,58,Language: Gafat  | Country: Ethiopia,,,,,,,,,,,
1949,58,,,,,,,,,,,,
1950,64,Language: Kaniet  | Country: Papua New Guinea,Language: Bohemian Romani  | Country: Czech Republic,Language: Ventureño  | Country: California (US),Language: Slovincian  | Country: Pomerania  Poland,Language: Tunica  | Country: Louisiana (US),Language: Kunza  | Country: Chile/Peru,,,,,,
1951,65,Language: Alsea  | Country: Oregon (US),,,,,,,,,,,
1952,65,,,,,,,,,,,,
1953,66,,,,,,,,,,,,
1954,68,Language: Central Kalapuya  | Country: Oregon (US),Language: Ifo  | Country: Vanuatu,,,,,,,,,,
1955,70,Language: Pijao  | Country: Colombia,Language: Tây Bồi  | Country: Vietnam,,,,,,,,,,
1956,71,Language: Wotapuri-Katarqalai  | Country: Afghanistan,,,,,,,,,,,
1957,71,,,,,,,,,,,,
1958,74,Language: Salinan  | Country: California (US),Language: Molala  | Country: Oregon (US),Language: Omurano  | Country: Peru,,,,,,,,,
1959,75,Language: Catawba  | Country: South Carolina (US),,,,,,,,,,,
1960,77,Language: Oriel  | Country: Ireland,Language: Siuslaw  | Country: Oregon (US),,,,,,,,,,
1961,77,,,,,,,,,,,,
1962,79,Language: Wiyot  | Country: California (US),Language: Wyandot  | Country: Oklahoma (US)/Quebec,,,,,,,,,,
1963,81,Language: Galice  | Country: Oregon (US),Language: Jorá  | Country: Bolivia,,,,,,,,,,
1964,82,Language: Aariya  | Country: India,,,,,,,,,,,
1965,87,Language: Barbareño  | Country: California (US),Language: Natchez  | Country: Mississippi (US),Language: Wakawaka  | Country: Australia,Language: Pirlatapa  | Country: Australia,Language: Timor  | Country: East Timor,,,,,,,
1966,87,,,,,,,,,,,,
1967,88,Language: Sened  | Country: Tunisia,,,,,,,,,,,
1968,89,Language: Welsh-Romani  | Country: United Kingdom,,,,,,,,,,,
1969,89,,,,,,,,,,,,
1970,90,Language: Tillamook  | Country: Oregon (US),,,,,,,,,,,
1971,90,,,,,,,,,,,,
1972,92,Language: Hanis  | Country: Oregon (US),Language: Mbabaram  | Country: Australia,,,,,,,,,,
1973,93,Language: Cacaopera  | Country: El Salvador,,,,,,,,,,,
1974,96,Language: Manx  | Country: United Kingdom,Language: Ona  | Country: Argentina,Language: Moksela  | Country: Indonesia,,,,,,,,,
1975,98,Language: Homa  | Country: Sudan,Language: Yugh  | Country: Russia,,,,,,,,,,
1976,100,Language: Kwadi  | Country: Angola,Language: Aasáx  | Country: Tanzania,,,,,,,,,,
1977,103,Language: Shuadit  | Country: France,Language: Nagumi  | Country: Cameroon,Language: Muskum  | Country: Chad,,,,,,,,,
1978,103,,,,,,,,,,,,
1979,103,,,,,,,,,,,,
1980,107,Language: Twana  | Country: Washington (US),Language: Flinders Island  | Country: Australia,Language: Chicomuceltec  | Country: Mexico/Guatemala,Language: Pitta Pitta  | Country: Australia,,,,,,,,
1981,114,Language: Dirari  | Country: Australia,Language: Dyaberdyaber  | Country: Australia,Language: Erre  | Country: Australia,Language: Umbugarla  | Country: Australia,Language: Yawarawarga  | Country: Australia,Language: Ternateño  | Country: Indonesia,Language: Warrungu  | Country: Australia,,,,,
1982,117,Language: Dagoman  | Country: Australia,Language: Dyugun  | Country: Australia,Language: Kato  | Country: California (US),,,,,,,,,
1983,120,Language: Antrim  | Country: Ireland,Language: Kansa  | Country: Oklahoma (US),Language: Yangman  | Country: Australia,,,,,,,,,
1984,121,Language: Yavitero  | Country: Venezuela,,,,,,,,,,,
1986,125,Language: Bikya  | Country: Cameroon,Language: Bishuo  | Country: Cameroon,Language: Jiwarli  | Country: Australia,Language: Mangala  | Country: Australia,,,,,,,,
1987,133,Language: Bidyara  | Country: Australia,Language: Laua  | Country: Papua New Guinea,Language: Cupeño  | Country: California (US),Language: Dyangadi  | Country: Australia,Language: Negerhollands  | Country: Virgin Islands (US),Language: Basa-Gumna  | Country: Niger/Nigeria,Language: Yugambal  | Country: Australia,Language: Yawuru  | Country: Australia,,,,
1988,136,Language: Atsugewi  | Country: California (US),Language: Nooksack  | Country: Washington (US),Language: ǁXegwi  | Country: South Africa,,,,,,,,,
1989,141,Language: Hukumina  | Country: Indonesia,Language: Kamassian  | Country: Sayan Mountains  Russia,Language: Leliali-Kayeli  | Country: Indonesia,Language: Miami-Illinois  | Country: Mississippi River Basin (US),Language: Kungarakany  | Country: Australia,,,,,,,
1990,146,Language: Lumaete-Kayeli  | Country: Indonesia,Language: Unggumi  | Country: Australia,Language: Taman-Sak  | Country: Myanmar,Language: Shasta  | Country: California (US),Language: Wappo  | Country: California (US),,,,,,,
1991,148,Language: Roncalese-Erronkariko  | Country: Spain,Language: Pánobo  | Country: Peru,,,,,,,,,,
1992,149,Language: Ubykh  | Country: Turkey,,,,,,,,,,,
1993,151,Language: Andoa  | Country: Peru,Language: Eastern Abnaki  | Country: Maine (US),,,,,,,,,,
1994,154,Language: Aka-Cari  | Country: India,Language: Sakhalin Ainu  | Country: Japan,Language: Northern Pomo  | Country: California (US),,,,,,,,,
1995,155,Language: Martuthunira  | Country: Australia,,,,,,,,,,,
1996,160,Language: Malaryan  | Country: India,Language: Iowa-Oto  | Country: Oklahoma and Kansas  United States,Language: Katabaga  | Country: Philippines,Language: Palumata  | Country: Indonesia,Language: Seru  | Country: Malaysia,,,,,,,
1997,161,Language: Sireniki Yupik  | Country: Russia,,,,,,,,,,,
1998,164,Language: Mlahsô  | Country: Syria/Turkey,Language: Ngarnka  | Country: Australia,Language: Skepi Creole Dutch  | Country: Guyana,,,,,,,,,
1999,176,Language: |Xam  | Country: South Africa,Language: Nyulnyul  | Country: Australia,Language: Ineseño  | Country: California (US),Language: Munichi  | Country: Peru,Language: Kw'adza  | Country: Tanzania,Language: Newfoundland Irish  | Country: Canada,Language: Nganyaywana  | Country: Australia,Language: Yalarnnga  | Country: Australia,Language: Yandruwandha  | Country: Australia,Language: Warluwara  | Country: Australia,Language: Wariyangga  | Country: Australia,
1999,176,,,,,,,,,,,,
2000,182,Language: Mesmes  | Country: Ethiopia,Language: Ayabadhu  | Country: Australia,Language: Aghu Tharnggala  | Country: Australia,Language: Adithinngithigh  | Country: Australia,Language: Arritinngithigh  | Country: Australia,Language: Gurnai  | Country: Australia,,,,,,
2001,184,Language: Amanayé  | Country: Brazil,Language: Rennellese Sign Language  | Country: Solomon Islands,,,,,,,,,,
2002,187,Language: Serrano  | Country: California (US),Language: Gaagudju  | Country: Australia,Language: Unami  | Country: Delaware  United States,,,,,,,,,
2003,194,Language: Klamath-Modoc  | Country: Oregon (US),Language: Garig Ilgar  | Country: Australia,Language: Akkala Sami  | Country: Russia,Language: Alngith  | Country: Australia,Language: Areba  | Country: Australia,Language: Atampaya  | Country: Australia,Language: Umbindhamu  | Country: Australia,,,,,
2004,195,Language: Duli  | Country: Cameroon,,,,,,,,,,,
2005,200,Language: Berbice Creole Dutch  | Country: Guyana,Language: Osage  | Country: Oklahoma (US),Language: Whulshootseed  | Country: Washington (US),Language: Barrow Point  | Country: Australia,Language: Sowa  | Country: Vanuatu,,,,,,,
2006,202,Language: Wasco-Upper Chinook  | Country: Oregon (US),Language: A-Pucikwar  | Country: India,,,,,,,,,,
2007,205,Language: Gros Ventre  | Country: Montana (US),Language: Hpun  | Country: Myanmar,Language: Javindo  | Country: Indonesia,,,,,,,,,
2008,208,Language: Plains Apache  | Country: Oklahoma (US),Language: Eyak  | Country: Alaska (US),Language: Dura  | Country: Nepal,,,,,,,,,
2009,220,Language: Aka-Jeru  | Country: India,Language: Nyawaygi  | Country: Australia,Language: Gugu Badhun  | Country: Australia,Language: Muruwari  | Country: Australia,Language: Agavotaguerra  | Country: Brazil,Language: Arikem  | Country: Brazil,Language: Karipúna  | Country: Brazil,Language: Pataxó Hã-Ha-Hãe  | Country: Brazil,Language: Aribwatsa  | Country: Papua New Guinea,Language: Lelak  | Country: Malaysia,Language: Papora-Hoanya  | Country: Taiwan,Language: Aka-Kora  | Country: India)
2010,223,Language: Cochin Indo-Portuguese Creole  | Country: India,Language: Pazeh  | Country: Taiwan,Language: Aka-Bo  | Country: India,,,,,,,,,
2011,224,Language: Lower Arrernte  | Country: Australia,,,,,,,,,,,
2012,228,Language: Holikachuk  | Country: Alaska (US),Language: Upper Chinook  | Country: Oregon (US),Language: Cromarty-Scots  | Country: United Kingdom,Language: Dhungaloo  | Country: Australia,,,,,,,,
2013,230,Language: Yurok  | Country: California (US),Language: Livonian  | Country: Latvia,,,,,,,,,,
2014,231,Language: Klallam  | Country: Washington (US),,,,,,,,,,,
2015,231,,,,,,,,,,,,
2016,236,Language: Gugu Thaypan  | Country: Australia,Language: Wichita  | Country: Oklahoma (US),Language: Mandan  | Country: North Dakota (US),Language: Amurdag  | Country: Australia,Language: Nuchatlaht - Nuu-chah-nulth  | Country: Canada,,,,,,,